Timestamp,roll,pitch,heading,rollRate,pitchRate,yawRate,groundSpeed,airSpeed,airSpeedSetpoint,climbRate,altitudeRelative,altitudeAMSL,altitudeTuning,altitudeTuningSetpoint,xTrackError,flightDistance,flightTime,distanceToHome,missionItemIndex,headingToNextWP,headingToHome,distanceToGCS,throttlePct,hobbs,apmSubInfo.cameraTilt,apmSubInfo.tetherTurns,apmSubInfo.lights1,apmSubInfo.lights2,apmSubInfo.pilotGain,apmSubInfo.inputHold,apmSubInfo.rollPitchToggle,apmSubInfo.rangefinderDistance,battery0.id,battery0.batteryFunction,battery0.batteryType,battery0.voltage,battery0.current,battery0.mahConsumed,battery0.temperature,battery0.percentRemaining,battery0.timeRemaining,battery0.timeRemainingStr,battery0.chargeState,battery0.instantPower,clock.currentTime,clock.currentDate,distanceSensor.rotationNone,distanceSensor.rotationYaw45,distanceSensor.rotationYaw90,distanceSensor.rotationYaw135,distanceSensor.rotationYaw180,distanceSensor.rotationYaw225,distanceSensor.rotationYaw270,distanceSensor.rotationYaw315,distanceSensor.rotationPitch90,distanceSensor.rotationPitch270,distanceSensor.minDistance,distanceSensor.maxDistance,escStatus.index,escStatus.rpm1,escStatus.rpm2,escStatus.rpm3,escStatus.rpm4,escStatus.current1,escStatus.current2,escStatus.current3,escStatus.current4,escStatus.voltage1,escStatus.voltage2,escStatus.voltage3,escStatus.voltage4,estimatorStatus.goodAttitudeEsimate,estimatorStatus.goodHorizVelEstimate,estimatorStatus.goodVertVelEstimate,estimatorStatus.goodHorizPosRelEstimate,estimatorStatus.goodHorizPosAbsEstimate,estimatorStatus.goodVertPosAbsEstimate,estimatorStatus.goodVertPosAGLEstimate,estimatorStatus.goodConstPosModeEstimate,estimatorStatus.goodPredHorizPosRelEstimate,estimatorStatus.goodPredHorizPosAbsEstimate,estimatorStatus.gpsGlitch,estimatorStatus.accelError,estimatorStatus.velRatio,estimatorStatus.horizPosRatio,estimatorStatus.vertPosRatio,estimatorStatus.magRatio,estimatorStatus.haglRatio,estimatorStatus.tasRatio,estimatorStatus.horizPosAccuracy,estimatorStatus.vertPosAccuracy,gps.lat,gps.lon,gps.mgrs,gps.hdop,gps.vdop,gps.courseOverGround,gps.lock,gps.count,gps2.lat,gps2.lon,gps2.mgrs,gps2.hdop,gps2.vdop,gps2.courseOverGround,gps2.lock,gps2.count,hygrometer.temperature,hygrometer.humidity,hygrometer.hygrometerid,localPosition.x,localPosition.y,localPosition.z,localPosition.vx,localPosition.vy,localPosition.vz,localPositionSetpoint.x,localPositionSetpoint.y,localPositionSetpoint.z,localPositionSetpoint.vx,localPositionSetpoint.vy,localPositionSetpoint.vz,setpoint.roll,setpoint.pitch,setpoint.yaw,setpoint.rollRate,setpoint.pitchRate,setpoint.yawRate,temperature.temperature1,temperature.temperature2,temperature.temperature3,terrain.blocksPending,terrain.blocksLoaded,vibration.xAxis,vibration.yAxis,vibration.zAxis,vibration.clipCount1,vibration.clipCount2,vibration.clipCount3,wind.direction,wind.speed,wind.verticalSpeed
2023-05-21 07:44:03.504,-1.8,-0.3,274,0.0,0.0,0.0,0.0,0.0,0.000,0.0,-0.1,-0.1,0.000,-0.112,0.000,0.0,00:00:00,0.0,0,--.--,0,0.0,0,0000:00:00,50,0,0,0,50,0,0,1.95,0,0,0,17.45,-11.24,-427,--.--,--.--,--.--,--:--:--,1,-196.19,07:44:03,5/21/23,--.--,--.--,--.--,--.--,--.--,--.--,--.--,--.--,--.--,2.24,--.--,50.00,0,0.000,0.000,0.000,0.000,0.000,0.000,0.000,0.000,0.000,0.000,0.000,0.000,false,false,false,false,false,false,false,false,false,false,false,false,--.--,--.--,--.--,--.--,--.--,--.--,--.--,--.--,0.0000000,0.0000000,31NAA 66021 00000,--.--,--.--,0.0,0,0,--.--,--.--,,--.--,--.--,--.--,0,0,--.--,--.--,0,--.--,--.--,--.--,--.--,--.--,--.--,--.--,--.--,--.--,--.--,--.--,--.--,--.--,--.--,--.--,--.--,--.--,--.--,27.76,14.13,--.--,0,0,0.0,0.0,0.0,0,0,0,--.--,--.--,--.--
2023-05-21 07:44:04.542,-1.7,-0.2,274,0.0,0.0,0.0,0.0,0.0,0.000,0.0,-0.1,-0.1,0.000,-0.114,0.000,0.0,00:00:00,0.0,0,--.--,0,0.0,0,0000:00:00,50,0,0,0,50,0,0,2.15,0,0,0,17.45,-11.25,-433,--.--,--.--,--.--,--:--:--,1,-196.34,07:44:04,5/21/23,--.--,--.--,--.--,--.--,--.--,--.--,--.--,--.--,--.--,2.15,--.--,50.00,0,0.000,0.000,0.000,0.000,0.000,0.000,0.000,0.000,0.000,0.000,0.000,0.000,false,false,false,false,false,false,false,false,false,false,false,false,--.--,--.--,--.--,--.--,--.--,--.--,--.--,--.--,0.0000000,0.0000000,31NAA 66021 00000,--.--,--.--,0.0,0,0,--.--,--.--,,--.--,--.--,--.--,0,0,--.--,--.--,0,--.--,--.--,--.--,--.--,--.--,--.--,--.--,--.--,--.--,--.--,--.--,--.--,--.--,--.--,--.--,--.--,--.--,--.--,27.79,14.13,--.--,0,0,0.0,0.0,0.0,0,0,0,--.--,--.--,--.--
2023-05-21 07:44:05.587,-1.7,-0.2,274,0.0,0.0,0.0,0.0,0.0,0.000,0.0,-0.1,-0.1,0.000,-0.113,0.000,0.0,00:00:00,0.0,0,--.--,0,0.0,0,0000:00:00,50,0,0,0,50,0,0,2.21,0,0,0,17.46,-11.16,-436,--.--,--.--,--.--,--:--:--,1,-194.86,07:44:05,5/21/23,--.--,--.--,--.--,--.--,--.--,--.--,--.--,--.--,--.--,0.82,--.--,50.00,0,0.000,0.000,0.000,0.000,0.000,0.000,0.000,0.000,0.000,0.000,0.000,0.000,false,false,false,false,false,false,false,false,false,false,false,false,--.--,--.--,--.--,--.--,--.--,--.--,--.--,--.--,0.0000000,0.0000000,31NAA 66021 00000,--.--,--.--,0.0,0,0,--.--,--.--,,--.--,--.--,--.--,0,0,--.--,--.--,0,--.--,--.--,--.--,--.--,--.--,--.--,--.--,--.--,--.--,--.--,--.--,--.--,--.--,--.--,--.--,--.--,--.--,--.--,27.81,14.12,--.--,0,0,0.0,0.0,0.0,0,0,0,--.--,--.--,--.--
2023-05-21 07:44:06.591,-1.7,-0.2,274,0.0,0.0,0.0,0.0,0.0,0.000,0.0,-0.1,-0.1,0.000,-0.112,0.000,0.0,00:00:00,0.0,0,--.--,0,0.0,0,0000:00:00,50,0,0,0,50,0,0,1.93,0,0,0,17.46,-11.25,-439,--.--,--.--,--.--,--:--:--,1,-196.45,07:44:06,5/21/23,--.--,--.--,--.--,--.--,--.--,--.--,--.--,--.--,--.--,0.80,--.--,50.00,0,0.000,0.000,0.000,0.000,0.000,0.000,0.000,0.000,0.000,0.000,0.000,0.000,false,false,false,false,false,false,false,false,false,false,false,false,--.--,--.--,--.--,--.--,--.--,--.--,--.--,--.--,0.0000000,0.0000000,31NAA 66021 00000,--.--,--.--,0.0,0,0,--.--,--.--,,--.--,--.--,--.--,0,0,--.--,--.--,0,--.--,--.--,--.--,--.--,--.--,--.--,--.--,--.--,--.--,--.--,--.--,--.--,--.--,--.--,--.--,--.--,--.--,--.--,27.83,14.12,--.--,0,0,0.0,0.0,0.0,0,0,0,--.--,--.--,--.--
2023-05-21 07:44:07.595,-1.7,-0.2,274,0.0,0.0,0.0,0.0,0.0,0.000,0.0,-0.1,-0.1,0.000,-0.113,0.000,0.0,00:00:00,0.0,0,--.--,0,0.0,0,0000:00:00,50,0,0,0,50,0,0,1.88,0,0,0,17.46,-11.24,-443,--.--,--.--,--.--,--:--:--,1,-196.26,07:44:07,5/21/23,--.--,--.--,--.--,--.--,--.--,--.--,--.--,--.--,--.--,0.78,--.--,50.00,0,0.000,0.000,0.000,0.000,0.000,0.000,0.000,0.000,0.000,0.000,0.000,0.000,false,false,false,false,false,false,false,false,false,false,false,false,--.--,--.--,--.--,--.--,--.--,--.--,--.--,--.--,0.0000000,0.0000000,31NAA 66021 00000,--.--,--.--,0.0,0,0,--.--,--.--,,--.--,--.--,--.--,0,0,--.--,--.--,0,--.--,--.--,--.--,--.--,--.--,--.--,--.--,--.--,--.--,--.--,--.--,--.--,--.--,--.--,--.--,--.--,--.--,--.--,27.84,14.12,--.--,0,0,0.0,0.0,0.0,0,0,0,--.--,--.--,--.--
2023-05-21 07:44:08.594,-1.8,-0.2,274,0.0,0.0,0.0,0.0,0.0,0.000,-0.0,-0.1,-0.1,0.000,-0.114,0.000,0.0,00:00:00,0.0,0,--.--,0,0.0,0,0000:00:00,50,0,0,0,50,0,0,2.27,0,0,0,17.46,-11.17,-446,--.--,--.--,--.--,--:--:--,1,-195.05,07:44:08,5/21/23,--.--,--.--,--.--,--.--,--.--,--.--,--.--,--.--,--.--,0.96,--.--,50.00,0,0.000,0.000,0.000,0.000,0.000,0.000,0.000,0.000,0.000,0.000,0.000,0.000,false,false,false,false,false,false,false,false,false,false,false,false,--.--,--.--,--.--,--.--,--.--,--.--,--.--,--.--,0.0000000,0.0000000,31NAA 66021 00000,--.--,--.--,0.0,0,0,--.--,--.--,,--.--,--.--,--.--,0,0,--.--,--.--,0,--.--,--.--,--.--,--.--,--.--,--.--,--.--,--.--,--.--,--.--,--.--,--.--,--.--,--.--,--.--,--.--,--.--,--.--,27.86,14.13,--.--,0,0,0.0,0.0,0.0,0,0,0,--.--,--.--,--.--
2023-05-21 07:44:09.587,-1.8,-0.2,274,0.0,0.0,0.0,0.0,0.0,0.000,-0.0,-0.1,-0.1,0.000,-0.116,0.000,0.0,00:00:00,0.0,0,--.--,0,0.0,0,0000:00:00,50,0,0,0,50,0,0,2.63,0,0,0,17.46,-11.21,-449,--.--,--.--,--.--,--:--:--,1,-195.74,07:44:09,5/21/23,--.--,--.--,--.--,--.--,--.--,--.--,--.--,--.--,--.--,2.63,--.--,50.00,0,0.000,0.000,0.000,0.000,0.000,0.000,0.000,0.000,0.000,0.000,0.000,0.000,false,false,false,false,false,false,false,false,false,false,false,false,--.--,--.--,--.--,--.--,--.--,--.--,--.--,--.--,0.0000000,0.0000000,31NAA 66021 00000,--.--,--.--,0.0,0,0,--.--,--.--,,--.--,--.--,--.--,0,0,--.--,--.--,0,--.--,--.--,--.--,--.--,--.--,--.--,--.--,--.--,--.--,--.--,--.--,--.--,--.--,--.--,--.--,--.--,--.--,--.--,27.87,14.12,--.--,0,0,0.0,0.0,0.0,0,0,0,--.--,--.--,--.--
2023-05-21 07:44:10.587,-1.8,-0.2,274,0.0,0.0,0.0,0.0,0.0,0.000,0.0,-0.1,-0.1,0.000,-0.113,0.000,0.0,00:00:00,0.0,0,--.--,0,0.0,0,0000:00:00,50,0,0,0,50,0,0,1.13,0,0,0,17.46,-11.25,-452,--.--,--.--,--.--,--:--:--,1,-196.40,07:44:10,5/21/23,--.--,--.--,--.--,--.--,--.--,--.--,--.--,--.--,--.--,1.13,--.--,50.00,0,0.000,0.000,0.000,0.000,0.000,0.000,0.000,0.000,0.000,0.000,0.000,0.000,false,false,false,false,false,false,false,false,false,false,false,false,--.--,--.--,--.--,--.--,--.--,--.--,--.--,--.--,0.0000000,0.0000000,31NAA 66021 00000,--.--,--.--,0.0,0,0,--.--,--.--,,--.--,--.--,--.--,0,0,--.--,--.--,0,--.--,--.--,--.--,--.--,--.--,--.--,--.--,--.--,--.--,--.--,--.--,--.--,--.--,--.--,--.--,--.--,--.--,--.--,27.89,14.12,--.--,0,0,0.0,0.0,0.0,0,0,0,--.--,--.--,--.--
2023-05-21 07:44:11.586,-1.8,-0.3,274,0.0,0.0,0.0,0.0,0.0,0.000,-0.0,-0.1,-0.1,0.000,-0.113,0.000,0.0,00:00:00,0.0,0,--.--,0,0.0,0,0000:00:00,50,0,0,0,50,0,0,1.26,0,0,0,17.46,-11.25,-455,--.--,--.--,--.--,--:--:--,1,-196.48,07:44:11,5/21/23,--.--,--.--,--.--,--.--,--.--,--.--,--.--,--.--,--.--,1.26,--.--,50.00,0,0.000,0.000,0.000,0.000,0.000,0.000,0.000,0.000,0.000,0.000,0.000,0.000,false,false,false,false,false,false,false,false,false,false,false,false,--.--,--.--,--.--,--.--,--.--,--.--,--.--,--.--,0.0000000,0.0000000,31NAA 66021 00000,--.--,--.--,0.0,0,0,--.--,--.--,,--.--,--.--,--.--,0,0,--.--,--.--,0,--.--,--.--,--.--,--.--,--.--,--.--,--.--,--.--,--.--,--.--,--.--,--.--,--.--,--.--,--.--,--.--,--.--,--.--,27.90,14.13,--.--,0,0,0.0,0.0,0.0,0,0,0,--.--,--.--,--.--
2023-05-21 07:44:12.586,-1.8,-0.3,274,0.0,0.0,0.0,0.0,0.0,0.000,-0.0,-0.1,-0.1,0.000,-0.113,0.000,0.0,00:00:00,0.0,0,--.--,0,0.0,0,0000:00:00,50,0,0,0,50,0,0,1.30,0,0,0,17.44,-11.21,-458,--.--,--.--,--.--,--:--:--,1,-195.54,07:44:12,5/21/23,--.--,--.--,--.--,--.--,--.--,--.--,--.--,--.--,--.--,1.30,--.--,50.00,0,0.000,0.000,0.000,0.000,0.000,0.000,0.000,0.000,0.000,0.000,0.000,0.000,false,false,false,false,false,false,false,false,false,false,false,false,--.--,--.--,--.--,--.--,--.--,--.--,--.--,--.--,0.0000000,0.0000000,31NAA 66021 00000,--.--,--.--,0.0,0,0,--.--,--.--,,--.--,--.--,--.--,0,0,--.--,--.--,0,--.--,--.--,--.--,--.--,--.--,--.--,--.--,--.--,--.--,--.--,--.--,--.--,--.--,--.--,--.--,--.--,--.--,--.--,27.92,14.12,--.--,0,0,0.0,0.0,0.0,0,0,0,--.--,--.--,--.--
2023-05-21 07:44:13.596,-1.8,-0.3,274,0.0,0.0,0.0,0.0,0.0,0.000,-0.0,-0.1,-0.1,0.000,-0.114,0.000,0.0,00:00:00,0.0,0,--.--,0,0.0,0,0000:00:00,50,0,0,0,50,0,0,0.90,0,0,0,17.46,-11.21,-461,--.--,--.--,--.--,--:--:--,1,-195.74,07:44:13,5/21/23,--.--,--.--,--.--,--.--,--.--,--.--,--.--,--.--,--.--,0.90,--.--,50.00,0,0.000,0.000,0.000,0.000,0.000,0.000,0.000,0.000,0.000,0.000,0.000,0.000,false,false,false,false,false,false,false,false,false,false,false,false,--.--,--.--,--.--,--.--,--.--,--.--,--.--,--.--,0.0000000,0.0000000,31NAA 66021 00000,--.--,--.--,0.0,0,0,--.--,--.--,,--.--,--.--,--.--,0,0,--.--,--.--,0,--.--,--.--,--.--,--.--,--.--,--.--,--.--,--.--,--.--,--.--,--.--,--.--,--.--,--.--,--.--,--.--,--.--,--.--,27.93,14.13,--.--,0,0,0.0,0.0,0.0,0,0,0,--.--,--.--,--.--
2023-05-21 07:44:14.593,-1.8,-0.3,274,0.0,0.0,0.0,0.0,0.0,0.000,-0.0,-0.1,-0.1,0.000,-0.116,0.000,0.0,00:00:00,0.0,0,--.--,0,0.0,0,0000:00:00,50,0,0,0,50,0,0,1.22,0,0,0,17.45,-11.23,-464,--.--,--.--,--.--,--:--:--,1,-195.93,07:44:14,5/21/23,--.--,--.--,--.--,--.--,--.--,--.--,--.--,--.--,--.--,1.22,--.--,50.00,0,0.000,0.000,0.000,0.000,0.000,0.000,0.000,0.000,0.000,0.000,0.000,0.000,false,false,false,false,false,false,false,false,false,false,false,false,--.--,--.--,--.--,--.--,--.--,--.--,--.--,--.--,0.0000000,0.0000000,31NAA 66021 00000,--.--,--.--,0.0,0,0,--.--,--.--,,--.--,--.--,--.--,0,0,--.--,--.--,0,--.--,--.--,--.--,--.--,--.--,--.--,--.--,--.--,--.--,--.--,--.--,--.--,--.--,--.--,--.--,--.--,--.--,--.--,27.96,14.12,--.--,0,0,0.0,0.0,0.0,0,0,0,--.--,--.--,--.--
2023-05-21 07:44:15.586,-1.8,-0.3,274,0.0,0.0,0.0,0.0,0.0,0.000,0.0,-0.1,-0.1,0.000,-0.113,0.000,0.0,00:00:00,0.0,0,--.--,0,0.0,0,0000:00:00,50,0,0,0,50,0,0,1.30,0,0,0,17.46,-11.22,-468,--.--,--.--,--.--,--:--:--,1,-195.91,07:44:15,5/21/23,--.--,--.--,--.--,--.--,--.--,--.--,--.--,--.--,--.--,1.30,--.--,50.00,0,0.000,0.000,0.000,0.000,0.000,0.000,0.000,0.000,0.000,0.000,0.000,0.000,false,false,false,false,false,false,false,false,false,false,false,false,--.--,--.--,--.--,--.--,--.--,--.--,--.--,--.--,0.0000000,0.0000000,31NAA 66021 00000,--.--,--.--,0.0,0,0,--.--,--.--,,--.--,--.--,--.--,0,0,--.--,--.--,0,--.--,--.--,--.--,--.--,--.--,--.--,--.--,--.--,--.--,--.--,--.--,--.--,--.--,--.--,--.--,--.--,--.--,--.--,27.97,14.13,--.--,0,0,0.0,0.0,0.0,0,0,0,--.--,--.--,--.--
2023-05-21 07:44:16.587,-1.8,-0.3,274,0.0,0.0,0.0,0.0,0.0,0.000,-0.0,-0.1,-0.1,0.000,-0.115,0.000,0.0,00:00:00,0.0,0,--.--,0,0.0,0,0000:00:00,50,0,0,0,50,0,0,1.79,0,0,0,17.46,-11.22,-471,--.--,--.--,--.--,--:--:--,1,-195.91,07:44:16,5/21/23,--.--,--.--,--.--,--.--,--.--,--.--,--.--,--.--,--.--,1.79,--.--,50.00,0,0.000,0.000,0.000,0.000,0.000,0.000,0.000,0.000,0.000,0.000,0.000,0.000,false,false,false,false,false,false,false,false,false,false,false,false,--.--,--.--,--.--,--.--,--.--,--.--,--.--,--.--,0.0000000,0.0000000,31NAA 66021 00000,--.--,--.--,0.0,0,0,--.--,--.--,,--.--,--.--,--.--,0,0,--.--,--.--,0,--.--,--.--,--.--,--.--,--.--,--.--,--.--,--.--,--.--,--.--,--.--,--.--,--.--,--.--,--.--,--.--,--.--,--.--,27.99,14.13,--.--,0,0,0.0,0.0,0.0,0,0,0,--.--,--.--,--.--
2023-05-21 07:44:17.593,-1.8,-0.3,274,0.0,0.0,0.0,0.0,0.0,0.000,-0.0,-0.1,-0.1,0.000,-0.115,0.000,0.0,00:00:00,0.0,0,--.--,0,0.0,0,0000:00:00,50,0,0,0,50,0,0,1.90,0,0,0,17.46,-11.30,-474,--.--,--.--,--.--,--:--:--,1,-197.32,07:44:17,5/21/23,--.--,--.--,--.--,--.--,--.--,--.--,--.--,--.--,--.--,1.90,--.--,50.00,0,0.000,0.000,0.000,0.000,0.000,0.000,0.000,0.000,0.000,0.000,0.000,0.000,false,false,false,false,false,false,false,false,false,false,false,false,--.--,--.--,--.--,--.--,--.--,--.--,--.--,--.--,0.0000000,0.0000000,31NAA 66021 00000,--.--,--.--,0.0,0,0,--.--,--.--,,--.--,--.--,--.--,0,0,--.--,--.--,0,--.--,--.--,--.--,--.--,--.--,--.--,--.--,--.--,--.--,--.--,--.--,--.--,--.--,--.--,--.--,--.--,--.--,--.--,28.00,14.13,--.--,0,0,0.0,0.0,0.0,0,0,0,--.--,--.--,--.--
2023-05-21 07:44:18.587,-1.7,-0.2,274,0.0,0.0,0.0,0.0,0.0,0.000,-0.0,-0.1,-0.1,0.000,-0.114,0.000,0.0,00:00:00,0.0,0,--.--,0,0.0,0,0000:00:00,50,0,0,0,50,0,0,2.39,0,0,0,17.44,-11.23,-477,--.--,--.--,--.--,--:--:--,1,-195.84,07:44:18,5/21/23,--.--,--.--,--.--,--.--,--.--,--.--,--.--,--.--,--.--,2.39,--.--,50.00,0,0.000,0.000,0.000,0.000,0.000,0.000,0.000,0.000,0.000,0.000,0.000,0.000,false,false,false,false,false,false,false,false,false,false,false,false,--.--,--.--,--.--,--.--,--.--,--.--,--.--,--.--,0.0000000,0.0000000,31NAA 66021 00000,--.--,--.--,0.0,0,0,--.--,--.--,,--.--,--.--,--.--,0,0,--.--,--.--,0,--.--,--.--,--.--,--.--,--.--,--.--,--.--,--.--,--.--,--.--,--.--,--.--,--.--,--.--,--.--,--.--,--.--,--.--,28.02,14.13,--.--,0,0,0.0,0.0,0.0,0,0,0,--.--,--.--,--.--
2023-05-21 07:44:19.589,-1.7,-0.2,274,0.0,0.0,0.0,0.0,0.0,0.000,-0.0,-0.1,-0.1,0.000,-0.115,0.000,0.0,00:00:00,0.0,0,--.--,0,0.0,0,0000:00:00,50,0,0,0,50,0,0,2.38,0,0,0,17.46,-11.26,-480,--.--,--.--,--.--,--:--:--,1,-196.59,07:44:19,5/21/23,--.--,--.--,--.--,--.--,--.--,--.--,--.--,--.--,--.--,2.38,--.--,50.00,0,0.000,0.000,0.000,0.000,0.000,0.000,0.000,0.000,0.000,0.000,0.000,0.000,false,false,false,false,false,false,false,false,false,false,false,false,--.--,--.--,--.--,--.--,--.--,--.--,--.--,--.--,0.0000000,0.0000000,31NAA 66021 00000,--.--,--.--,0.0,0,0,--.--,--.--,,--.--,--.--,--.--,0,0,--.--,--.--,0,--.--,--.--,--.--,--.--,--.--,--.--,--.--,--.--,--.--,--.--,--.--,--.--,--.--,--.--,--.--,--.--,--.--,--.--,28.03,14.12,--.--,0,0,0.0,0.0,0.0,0,0,0,--.--,--.--,--.--
2023-05-21 07:44:20.586,-1.7,-0.2,274,0.0,0.0,0.0,0.0,0.0,0.000,0.0,-0.1,-0.1,0.000,-0.114,0.000,0.0,00:00:00,0.0,0,--.--,0,0.0,0,0000:00:00,50,0,0,0,50,0,0,0.00,0,0,0,17.45,-11.23,-483,--.--,--.--,--.--,--:--:--,1,-195.99,07:44:20,5/21/23,--.--,--.--,--.--,--.--,--.--,--.--,--.--,--.--,--.--,1.00,--.--,50.00,0,0.000,0.000,0.000,0.000,0.000,0.000,0.000,0.000,0.000,0.000,0.000,0.000,false,false,false,false,false,false,false,false,false,false,false,false,--.--,--.--,--.--,--.--,--.--,--.--,--.--,--.--,0.0000000,0.0000000,31NAA 66021 00000,--.--,--.--,0.0,0,0,--.--,--.--,,--.--,--.--,--.--,0,0,--.--,--.--,0,--.--,--.--,--.--,--.--,--.--,--.--,--.--,--.--,--.--,--.--,--.--,--.--,--.--,--.--,--.--,--.--,--.--,--.--,28.05,14.13,--.--,0,0,0.0,0.0,0.0,0,0,0,--.--,--.--,--.--
2023-05-21 07:44:21.593,-1.7,-0.2,274,0.0,0.0,0.0,0.0,0.0,0.000,0.0,-0.1,-0.1,0.000,-0.112,0.000,0.0,00:00:00,0.0,0,--.--,0,0.0,0,0000:00:00,50,0,0,0,50,0,0,0.73,0,0,0,17.46,-11.23,-486,--.--,--.--,--.--,--:--:--,1,-196.05,07:44:21,5/21/23,--.--,--.--,--.--,--.--,--.--,--.--,--.--,--.--,--.--,0.73,--.--,50.00,0,0.000,0.000,0.000,0.000,0.000,0.000,0.000,0.000,0.000,0.000,0.000,0.000,false,false,false,false,false,false,false,false,false,false,false,false,--.--,--.--,--.--,--.--,--.--,--.--,--.--,--.--,0.0000000,0.0000000,31NAA 66021 00000,--.--,--.--,0.0,0,0,--.--,--.--,,--.--,--.--,--.--,0,0,--.--,--.--,0,--.--,--.--,--.--,--.--,--.--,--.--,--.--,--.--,--.--,--.--,--.--,--.--,--.--,--.--,--.--,--.--,--.--,--.--,28.07,14.13,--.--,0,0,0.0,0.0,0.0,0,0,0,--.--,--.--,--.--
2023-05-21 07:44:22.599,-1.7,-0.2,274,0.0,0.0,0.0,0.0,0.0,0.000,0.0,-0.1,-0.1,0.000,-0.113,0.000,0.0,00:00:00,0.0,0,--.--,0,0.0,0,0000:00:00,50,0,0,0,50,0,0,0.81,0,0,0,17.45,-11.25,-489,--.--,--.--,--.--,--:--:--,1,-196.36,07:44:22,5/21/23,--.--,--.--,--.--,--.--,--.--,--.--,--.--,--.--,--.--,0.81,--.--,50.00,0,0.000,0.000,0.000,0.000,0.000,0.000,0.000,0.000,0.000,0.000,0.000,0.000,false,false,false,false,false,false,false,false,false,false,false,false,--.--,--.--,--.--,--.--,--.--,--.--,--.--,--.--,0.0000000,0.0000000,31NAA 66021 00000,--.--,--.--,0.0,0,0,--.--,--.--,,--.--,--.--,--.--,0,0,--.--,--.--,0,--.--,--.--,--.--,--.--,--.--,--.--,--.--,--.--,--.--,--.--,--.--,--.--,--.--,--.--,--.--,--.--,--.--,--.--,28.08,14.13,--.--,0,0,0.0,0.0,0.0,0,0,0,--.--,--.--,--.--
2023-05-21 07:44:23.594,-1.7,-0.2,274,0.0,0.0,0.0,0.0,0.0,0.000,0.0,-0.1,-0.1,0.000,-0.113,0.000,0.0,00:00:00,0.0,0,--.--,0,0.0,0,0000:00:00,50,0,0,0,50,0,0,0.83,0,0,0,17.44,-11.19,-493,--.--,--.--,--.--,--:--:--,1,-195.19,07:44:23,5/21/23,--.--,--.--,--.--,--.--,--.--,--.--,--.--,--.--,--.--,1.28,--.--,50.00,0,0.000,0.000,0.000,0.000,0.000,0.000,0.000,0.000,0.000,0.000,0.000,0.000,false,false,false,false,false,false,false,false,false,false,false,false,--.--,--.--,--.--,--.--,--.--,--.--,--.--,--.--,0.0000000,0.0000000,31NAA 66021 00000,--.--,--.--,0.0,0,0,--.--,--.--,,--.--,--.--,--.--,0,0,--.--,--.--,0,--.--,--.--,--.--,--.--,--.--,--.--,--.--,--.--,--.--,--.--,--.--,--.--,--.--,--.--,--.--,--.--,--.--,--.--,28.10,14.13,--.--,0,0,0.0,0.0,0.0,0,0,0,--.--,--.--,--.--
2023-05-21 07:44:24.586,-1.7,-0.2,274,0.0,0.0,0.0,0.0,0.0,0.000,0.0,-0.1,-0.1,0.000,-0.111,0.000,0.0,00:00:00,0.0,0,--.--,0,0.0,0,0000:00:00,50,0,0,0,50,0,0,2.46,0,0,0,17.46,-11.24,-496,--.--,--.--,--.--,--:--:--,1,-196.22,07:44:24,5/21/23,--.--,--.--,--.--,--.--,--.--,--.--,--.--,--.--,--.--,0.89,--.--,50.00,0,0.000,0.000,0.000,0.000,0.000,0.000,0.000,0.000,0.000,0.000,0.000,0.000,false,false,false,false,false,false,false,false,false,false,false,false,--.--,--.--,--.--,--.--,--.--,--.--,--.--,--.--,0.0000000,0.0000000,31NAA 66021 00000,--.--,--.--,0.0,0,0,--.--,--.--,,--.--,--.--,--.--,0,0,--.--,--.--,0,--.--,--.--,--.--,--.--,--.--,--.--,--.--,--.--,--.--,--.--,--.--,--.--,--.--,--.--,--.--,--.--,--.--,--.--,28.12,14.13,--.--,0,0,0.0,0.0,0.0,0,0,0,--.--,--.--,--.--
2023-05-21 07:44:25.592,-1.7,-0.2,274,0.0,0.0,0.0,0.0,0.0,0.000,0.0,-0.1,-0.1,0.000,-0.111,0.000,0.0,00:00:00,0.0,0,--.--,0,0.0,0,0000:00:00,50,0,0,0,50,0,0,2.08,0,0,0,17.45,-11.28,-499,--.--,--.--,--.--,--:--:--,1,-196.85,07:44:25,5/21/23,--.--,--.--,--.--,--.--,--.--,--.--,--.--,--.--,--.--,2.08,--.--,50.00,0,0.000,0.000,0.000,0.000,0.000,0.000,0.000,0.000,0.000,0.000,0.000,0.000,false,false,false,false,false,false,false,false,false,false,false,false,--.--,--.--,--.--,--.--,--.--,--.--,--.--,--.--,0.0000000,0.0000000,31NAA 66021 00000,--.--,--.--,0.0,0,0,--.--,--.--,,--.--,--.--,--.--,0,0,--.--,--.--,0,--.--,--.--,--.--,--.--,--.--,--.--,--.--,--.--,--.--,--.--,--.--,--.--,--.--,--.--,--.--,--.--,--.--,--.--,28.14,14.13,--.--,0,0,0.0,0.0,0.0,0,0,0,--.--,--.--,--.--
2023-05-21 07:44:26.587,-1.7,-0.2,274,0.0,0.0,0.0,0.0,0.0,0.000,-0.0,-0.1,-0.1,0.000,-0.113,0.000,0.0,00:00:00,0.0,0,--.--,0,0.0,0,0000:00:00,50,0,0,0,50,0,0,0.82,0,0,0,17.44,-11.19,-502,--.--,--.--,--.--,--:--:--,1,-195.14,07:44:26,5/21/23,--.--,--.--,--.--,--.--,--.--,--.--,--.--,--.--,--.--,0.82,--.--,50.00,0,0.000,0.000,0.000,0.000,0.000,0.000,0.000,0.000,0.000,0.000,0.000,0.000,false,false,false,false,false,false,false,false,false,false,false,false,--.--,--.--,--.--,--.--,--.--,--.--,--.--,--.--,0.0000000,0.0000000,31NAA 66021 00000,--.--,--.--,0.0,0,0,--.--,--.--,,--.--,--.--,--.--,0,0,--.--,--.--,0,--.--,--.--,--.--,--.--,--.--,--.--,--.--,--.--,--.--,--.--,--.--,--.--,--.--,--.--,--.--,--.--,--.--,--.--,28.15,14.13,--.--,0,0,0.0,0.0,0.0,0,0,0,--.--,--.--,--.--
2023-05-21 07:44:27.595,-1.7,-0.2,274,0.0,0.0,0.0,0.0,0.0,0.000,-0.0,-0.1,-0.1,0.000,-0.115,0.000,0.0,00:00:00,0.0,0,--.--,0,0.0,0,0000:00:00,50,0,0,0,50,0,0,0.72,0,0,0,17.46,-11.19,-505,--.--,--.--,--.--,--:--:--,1,-195.40,07:44:27,5/21/23,--.--,--.--,--.--,--.--,--.--,--.--,--.--,--.--,--.--,1.08,--.--,50.00,0,0.000,0.000,0.000,0.000,0.000,0.000,0.000,0.000,0.000,0.000,0.000,0.000,false,false,false,false,false,false,false,false,false,false,false,false,--.--,--.--,--.--,--.--,--.--,--.--,--.--,--.--,0.0000000,0.0000000,31NAA 66021 00000,--.--,--.--,0.0,0,0,--.--,--.--,,--.--,--.--,--.--,0,0,--.--,--.--,0,--.--,--.--,--.--,--.--,--.--,--.--,--.--,--.--,--.--,--.--,--.--,--.--,--.--,--.--,--.--,--.--,--.--,--.--,28.16,14.13,--.--,0,0,0.0,0.0,0.0,0,0,0,--.--,--.--,--.--
2023-05-21 07:44:28.587,-1.8,-0.2,274,0.0,0.0,0.0,0.0,0.0,0.000,-0.0,-0.1,-0.1,0.000,-0.117,0.000,0.0,00:00:00,0.0,0,--.--,0,0.0,0,0000:00:00,50,0,0,0,50,0,0,0.90,0,0,0,17.44,-11.25,-508,--.--,--.--,--.--,--:--:--,1,-196.24,07:44:28,5/21/23,--.--,--.--,--.--,--.--,--.--,--.--,--.--,--.--,--.--,1.51,--.--,50.00,0,0.000,0.000,0.000,0.000,0.000,0.000,0.000,0.000,0.000,0.000,0.000,0.000,false,false,false,false,false,false,false,false,false,false,false,false,--.--,--.--,--.--,--.--,--.--,--.--,--.--,--.--,0.0000000,0.0000000,31NAA 66021 00000,--.--,--.--,0.0,0,0,--.--,--.--,,--.--,--.--,--.--,0,0,--.--,--.--,0,--.--,--.--,--.--,--.--,--.--,--.--,--.--,--.--,--.--,--.--,--.--,--.--,--.--,--.--,--.--,--.--,--.--,--.--,28.18,14.13,--.--,0,0,0.0,0.0,0.0,0,0,0,--.--,--.--,--.--
2023-05-21 07:44:29.587,-1.8,-0.2,274,0.0,0.0,0.0,0.0,0.0,0.000,-0.0,-0.1,-0.1,0.000,-0.115,0.000,0.0,00:00:00,0.0,0,--.--,0,0.0,0,0000:00:00,50,0,0,0,50,0,0,0.91,0,0,0,17.45,-11.22,-511,--.--,--.--,--.--,--:--:--,1,-195.77,07:44:29,5/21/23,--.--,--.--,--.--,--.--,--.--,--.--,--.--,--.--,--.--,0.91,--.--,50.00,0,0.000,0.000,0.000,0.000,0.000,0.000,0.000,0.000,0.000,0.000,0.000,0.000,false,false,false,false,false,false,false,false,false,false,false,false,--.--,--.--,--.--,--.--,--.--,--.--,--.--,--.--,0.0000000,0.0000000,31NAA 66021 00000,--.--,--.--,0.0,0,0,--.--,--.--,,--.--,--.--,--.--,0,0,--.--,--.--,0,--.--,--.--,--.--,--.--,--.--,--.--,--.--,--.--,--.--,--.--,--.--,--.--,--.--,--.--,--.--,--.--,--.--,--.--,28.20,14.13,--.--,0,0,0.0,0.0,0.0,0,0,0,--.--,--.--,--.--
2023-05-21 07:44:30.596,-1.8,-0.2,274,0.0,0.0,0.0,0.0,0.0,0.000,-0.0,-0.1,-0.1,0.000,-0.113,0.000,0.0,00:00:00,0.0,0,--.--,0,0.0,0,0000:00:00,50,0,0,0,50,0,0,0.77,0,0,0,17.46,-11.16,-514,--.--,--.--,--.--,--:--:--,1,-194.84,07:44:30,5/21/23,--.--,--.--,--.--,--.--,--.--,--.--,--.--,--.--,--.--,0.77,--.--,50.00,0,0.000,0.000,0.000,0.000,0.000,0.000,0.000,0.000,0.000,0.000,0.000,0.000,false,false,false,false,false,false,false,false,false,false,false,false,--.--,--.--,--.--,--.--,--.--,--.--,--.--,--.--,0.0000000,0.0000000,31NAA 66021 00000,--.--,--.--,0.0,0,0,--.--,--.--,,--.--,--.--,--.--,0,0,--.--,--.--,0,--.--,--.--,--.--,--.--,--.--,--.--,--.--,--.--,--.--,--.--,--.--,--.--,--.--,--.--,--.--,--.--,--.--,--.--,28.22,14.13,--.--,0,0,0.0,0.0,0.0,0,0,0,--.--,--.--,--.--
2023-05-21 07:44:31.588,-1.8,-0.2,274,0.0,0.0,0.0,0.0,0.0,0.000,-0.0,-0.1,-0.1,0.000,-0.113,0.000,0.0,00:00:00,0.0,0,--.--,0,0.0,0,0000:00:00,50,0,0,0,50,0,0,2.37,0,0,0,17.45,-11.24,-518,--.--,--.--,--.--,--:--:--,1,-196.15,07:44:31,5/21/23,--.--,--.--,--.--,--.--,--.--,--.--,--.--,--.--,--.--,0.88,--.--,50.00,0,0.000,0.000,0.000,0.000,0.000,0.000,0.000,0.000,0.000,0.000,0.000,0.000,false,false,false,false,false,false,false,false,false,false,false,false,--.--,--.--,--.--,--.--,--.--,--.--,--.--,--.--,0.0000000,0.0000000,31NAA 66021 00000,--.--,--.--,0.0,0,0,--.--,--.--,,--.--,--.--,--.--,0,0,--.--,--.--,0,--.--,--.--,--.--,--.--,--.--,--.--,--.--,--.--,--.--,--.--,--.--,--.--,--.--,--.--,--.--,--.--,--.--,--.--,28.23,14.14,--.--,0,0,0.0,0.0,0.0,0,0,0,--.--,--.--,--.--
2023-05-21 07:44:32.594,-1.8,-0.3,274,0.0,0.0,0.0,0.0,0.0,0.000,-0.0,-0.1,-0.1,0.000,-0.115,0.000,0.0,00:00:00,0.0,0,--.--,0,0.0,0,0000:00:00,50,0,0,0,50,0,0,2.45,0,0,0,17.45,-11.25,-521,--.--,--.--,--.--,--:--:--,1,-196.31,07:44:32,5/21/23,--.--,--.--,--.--,--.--,--.--,--.--,--.--,--.--,--.--,0.89,--.--,50.00,0,0.000,0.000,0.000,0.000,0.000,0.000,0.000,0.000,0.000,0.000,0.000,0.000,false,false,false,false,false,false,false,false,false,false,false,false,--.--,--.--,--.--,--.--,--.--,--.--,--.--,--.--,0.0000000,0.0000000,31NAA 66021 00000,--.--,--.--,0.0,0,0,--.--,--.--,,--.--,--.--,--.--,0,0,--.--,--.--,0,--.--,--.--,--.--,--.--,--.--,--.--,--.--,--.--,--.--,--.--,--.--,--.--,--.--,--.--,--.--,--.--,--.--,--.--,28.24,14.14,--.--,0,0,0.0,0.0,0.0,0,0,0,--.--,--.--,--.--
2023-05-21 07:44:33.595,-1.8,-0.2,274,0.0,0.0,0.0,0.0,0.0,0.000,0.0,-0.1,-0.1,0.000,-0.114,0.000,0.0,00:00:00,0.0,0,--.--,0,0.0,0,0000:00:00,50,0,0,0,50,0,0,2.30,0,0,0,17.46,-11.22,-524,--.--,--.--,--.--,--:--:--,1,-195.91,07:44:33,5/21/23,--.--,--.--,--.--,--.--,--.--,--.--,--.--,--.--,--.--,2.30,--.--,50.00,0,0.000,0.000,0.000,0.000,0.000,0.000,0.000,0.000,0.000,0.000,0.000,0.000,false,false,false,false,false,false,false,false,false,false,false,false,--.--,--.--,--.--,--.--,--.--,--.--,--.--,--.--,0.0000000,0.0000000,31NAA 66021 00000,--.--,--.--,0.0,0,0,--.--,--.--,,--.--,--.--,--.--,0,0,--.--,--.--,0,--.--,--.--,--.--,--.--,--.--,--.--,--.--,--.--,--.--,--.--,--.--,--.--,--.--,--.--,--.--,--.--,--.--,--.--,28.26,14.13,--.--,0,0,0.0,0.0,0.0,0,0,0,--.--,--.--,--.--
2023-05-21 07:44:34.597,-1.8,-0.2,274,0.0,0.0,0.0,0.0,0.0,0.000,0.0,-0.1,-0.1,0.000,-0.113,0.000,0.0,00:00:00,0.0,0,--.--,0,0.0,0,0000:00:00,50,0,0,0,50,0,0,0.94,0,0,0,17.45,-11.25,-527,--.--,--.--,--.--,--:--:--,1,-196.29,07:44:34,5/21/23,--.--,--.--,--.--,--.--,--.--,--.--,--.--,--.--,--.--,0.94,--.--,50.00,0,0.000,0.000,0.000,0.000,0.000,0.000,0.000,0.000,0.000,0.000,0.000,0.000,false,false,false,false,false,false,false,false,false,false,false,false,--.--,--.--,--.--,--.--,--.--,--.--,--.--,--.--,0.0000000,0.0000000,31NAA 66021 00000,--.--,--.--,0.0,0,0,--.--,--.--,,--.--,--.--,--.--,0,0,--.--,--.--,0,--.--,--.--,--.--,--.--,--.--,--.--,--.--,--.--,--.--,--.--,--.--,--.--,--.--,--.--,--.--,--.--,--.--,--.--,28.28,14.14,--.--,0,0,0.0,0.0,0.0,0,0,0,--.--,--.--,--.--
2023-05-21 07:44:35.594,-1.8,-0.2,274,0.0,0.0,0.0,0.0,0.0,0.000,0.0,-0.1,-0.1,0.000,-0.112,0.000,0.0,00:00:00,0.0,0,--.--,0,0.0,0,0000:00:00,50,0,0,0,50,0,0,0.90,0,0,0,17.45,-11.21,-530,--.--,--.--,--.--,--:--:--,1,-195.57,07:44:35,5/21/23,--.--,--.--,--.--,--.--,--.--,--.--,--.--,--.--,--.--,0.90,--.--,50.00,0,0.000,0.000,0.000,0.000,0.000,0.000,0.000,0.000,0.000,0.000,0.000,0.000,false,false,false,false,false,false,false,false,false,false,false,false,--.--,--.--,--.--,--.--,--.--,--.--,--.--,--.--,0.0000000,0.0000000,31NAA 66021 00000,--.--,--.--,0.0,0,0,--.--,--.--,,--.--,--.--,--.--,0,0,--.--,--.--,0,--.--,--.--,--.--,--.--,--.--,--.--,--.--,--.--,--.--,--.--,--.--,--.--,--.--,--.--,--.--,--.--,--.--,--.--,28.29,14.13,--.--,0,0,0.0,0.0,0.0,0,0,0,--.--,--.--,--.--
2023-05-21 07:44:36.595,-1.8,-0.2,274,0.0,0.0,0.0,0.0,0.0,0.000,0.0,-0.1,-0.1,0.000,-0.111,0.000,0.0,00:00:00,0.0,0,--.--,0,0.0,0,0000:00:00,50,0,0,0,50,0,0,1.13,0,0,0,17.46,-11.21,-533,--.--,--.--,--.--,--:--:--,1,-195.72,07:44:36,5/21/23,--.--,--.--,--.--,--.--,--.--,--.--,--.--,--.--,--.--,1.13,--.--,50.00,0,0.000,0.000,0.000,0.000,0.000,0.000,0.000,0.000,0.000,0.000,0.000,0.000,false,false,false,false,false,false,false,false,false,false,false,false,--.--,--.--,--.--,--.--,--.--,--.--,--.--,--.--,0.0000000,0.0000000,31NAA 66021 00000,--.--,--.--,0.0,0,0,--.--,--.--,,--.--,--.--,--.--,0,0,--.--,--.--,0,--.--,--.--,--.--,--.--,--.--,--.--,--.--,--.--,--.--,--.--,--.--,--.--,--.--,--.--,--.--,--.--,--.--,--.--,28.31,14.13,--.--,0,0,0.0,0.0,0.0,0,0,0,--.--,--.--,--.--
2023-05-21 07:44:37.591,-1.8,-0.2,274,0.0,0.0,0.0,0.0,0.0,0.000,0.0,-0.1,-0.1,0.000,-0.111,0.000,0.0,00:00:00,0.0,0,--.--,0,0.0,0,0000:00:00,50,0,0,0,50,0,0,0.97,0,0,0,17.46,-11.25,-536,--.--,--.--,--.--,--:--:--,1,-196.39,07:44:37,5/21/23,--.--,--.--,--.--,--.--,--.--,--.--,--.--,--.--,--.--,0.97,--.--,50.00,0,0.000,0.000,0.000,0.000,0.000,0.000,0.000,0.000,0.000,0.000,0.000,0.000,false,false,false,false,false,false,false,false,false,false,false,false,--.--,--.--,--.--,--.--,--.--,--.--,--.--,--.--,0.0000000,0.0000000,31NAA 66021 00000,--.--,--.--,0.0,0,0,--.--,--.--,,--.--,--.--,--.--,0,0,--.--,--.--,0,--.--,--.--,--.--,--.--,--.--,--.--,--.--,--.--,--.--,--.--,--.--,--.--,--.--,--.--,--.--,--.--,--.--,--.--,28.32,14.14,--.--,0,0,0.0,0.0,0.0,0,0,0,--.--,--.--,--.--
2023-05-21 07:44:38.598,-1.8,-0.2,274,0.0,0.0,0.0,0.0,0.0,0.000,-0.0,-0.1,-0.1,0.000,-0.112,0.000,0.0,00:00:00,0.0,0,--.--,0,0.0,0,0000:00:00,50,0,0,0,50,0,0,0.90,0,0,0,17.46,-11.20,-539,--.--,--.--,--.--,--:--:--,1,-195.53,07:44:38,5/21/23,--.--,--.--,--.--,--.--,--.--,--.--,--.--,--.--,--.--,1.47,--.--,50.00,0,0.000,0.000,0.000,0.000,0.000,0.000,0.000,0.000,0.000,0.000,0.000,0.000,false,false,false,false,false,false,false,false,false,false,false,false,--.--,--.--,--.--,--.--,--.--,--.--,--.--,--.--,0.0000000,0.0000000,31NAA 66021 00000,--.--,--.--,0.0,0,0,--.--,--.--,,--.--,--.--,--.--,0,0,--.--,--.--,0,--.--,--.--,--.--,--.--,--.--,--.--,--.--,--.--,--.--,--.--,--.--,--.--,--.--,--.--,--.--,--.--,--.--,--.--,28.34,14.14,--.--,0,0,0.0,0.0,0.0,0,0,0,--.--,--.--,--.--
2023-05-21 07:44:39.595,-1.8,-0.2,274,0.0,0.0,0.0,0.0,0.0,0.000,-0.0,-0.1,-0.1,0.000,-0.114,0.000,0.0,00:00:00,0.0,0,--.--,0,0.0,0,0000:00:00,50,0,0,0,50,0,0,0.93,0,0,0,17.45,-11.21,-542,--.--,--.--,--.--,--:--:--,1,-195.59,07:44:39,5/21/23,--.--,--.--,--.--,--.--,--.--,--.--,--.--,--.--,--.--,0.00,--.--,50.00,0,0.000,0.000,0.000,0.000,0.000,0.000,0.000,0.000,0.000,0.000,0.000,0.000,false,false,false,false,false,false,false,false,false,false,false,false,--.--,--.--,--.--,--.--,--.--,--.--,--.--,--.--,0.0000000,0.0000000,31NAA 66021 00000,--.--,--.--,0.0,0,0,--.--,--.--,,--.--,--.--,--.--,0,0,--.--,--.--,0,--.--,--.--,--.--,--.--,--.--,--.--,--.--,--.--,--.--,--.--,--.--,--.--,--.--,--.--,--.--,--.--,--.--,--.--,28.35,14.13,--.--,0,0,0.0,0.0,0.0,0,0,0,--.--,--.--,--.--
2023-05-21 07:44:40.587,-1.8,-0.2,274,0.0,0.0,0.0,0.0,0.0,0.000,-0.0,-0.1,-0.1,0.000,-0.115,0.000,0.0,00:00:00,0.0,0,--.--,0,0.0,0,0000:00:00,50,0,0,0,50,0,0,1.42,0,0,0,17.46,-11.25,-546,--.--,--.--,--.--,--:--:--,1,-196.40,07:44:40,5/21/23,--.--,--.--,--.--,--.--,--.--,--.--,--.--,--.--,--.--,2.10,--.--,50.00,0,0.000,0.000,0.000,0.000,0.000,0.000,0.000,0.000,0.000,0.000,0.000,0.000,false,false,false,false,false,false,false,false,false,false,false,false,--.--,--.--,--.--,--.--,--.--,--.--,--.--,--.--,0.0000000,0.0000000,31NAA 66021 00000,--.--,--.--,0.0,0,0,--.--,--.--,,--.--,--.--,--.--,0,0,--.--,--.--,0,--.--,--.--,--.--,--.--,--.--,--.--,--.--,--.--,--.--,--.--,--.--,--.--,--.--,--.--,--.--,--.--,--.--,--.--,28.37,14.14,--.--,0,0,0.0,0.0,0.0,0,0,0,--.--,--.--,--.--
2023-05-21 07:44:41.594,-1.8,-0.2,274,0.0,0.0,0.0,0.0,0.0,0.000,0.0,-0.1,-0.1,0.000,-0.114,0.000,0.0,00:00:00,0.0,0,--.--,0,0.0,0,0000:00:00,50,0,0,0,50,0,0,0.81,0,0,0,17.44,-11.22,-549,--.--,--.--,--.--,--:--:--,1,-195.68,07:44:41,5/21/23,--.--,--.--,--.--,--.--,--.--,--.--,--.--,--.--,--.--,0.81,--.--,50.00,0,0.000,0.000,0.000,0.000,0.000,0.000,0.000,0.000,0.000,0.000,0.000,0.000,false,false,false,false,false,false,false,false,false,false,false,false,--.--,--.--,--.--,--.--,--.--,--.--,--.--,--.--,0.0000000,0.0000000,31NAA 66021 00000,--.--,--.--,0.0,0,0,--.--,--.--,,--.--,--.--,--.--,0,0,--.--,--.--,0,--.--,--.--,--.--,--.--,--.--,--.--,--.--,--.--,--.--,--.--,--.--,--.--,--.--,--.--,--.--,--.--,--.--,--.--,28.38,14.14,--.--,0,0,0.0,0.0,0.0,0,0,0,--.--,--.--,--.--
2023-05-21 07:44:42.604,-1.8,-0.2,274,0.0,0.0,0.0,0.0,0.0,0.000,0.0,-0.1,-0.1,0.000,-0.111,0.000,0.0,00:00:00,0.0,0,--.--,0,0.0,0,0000:00:00,50,0,0,0,50,0,0,0.93,0,0,0,17.45,-11.22,-552,--.--,--.--,--.--,--:--:--,1,-195.81,07:44:42,5/21/23,--.--,--.--,--.--,--.--,--.--,--.--,--.--,--.--,--.--,1.47,--.--,50.00,0,0.000,0.000,0.000,0.000,0.000,0.000,0.000,0.000,0.000,0.000,0.000,0.000,false,false,false,false,false,false,false,false,false,false,false,false,--.--,--.--,--.--,--.--,--.--,--.--,--.--,--.--,0.0000000,0.0000000,31NAA 66021 00000,--.--,--.--,0.0,0,0,--.--,--.--,,--.--,--.--,--.--,0,0,--.--,--.--,0,--.--,--.--,--.--,--.--,--.--,--.--,--.--,--.--,--.--,--.--,--.--,--.--,--.--,--.--,--.--,--.--,--.--,--.--,28.40,14.14,--.--,0,0,0.0,0.0,0.0,0,0,0,--.--,--.--,--.--
2023-05-21 07:44:43.589,-1.8,-0.2,274,0.0,0.0,0.0,0.0,0.0,0.000,-0.0,-0.1,-0.1,0.000,-0.112,0.000,0.0,00:00:00,0.0,0,--.--,0,0.0,0,0000:00:00,50,0,0,0,50,0,0,0.89,0,0,0,17.44,-11.24,-555,--.--,--.--,--.--,--:--:--,1,-196.07,07:44:43,5/21/23,--.--,--.--,--.--,--.--,--.--,--.--,--.--,--.--,--.--,0.89,--.--,50.00,0,0.000,0.000,0.000,0.000,0.000,0.000,0.000,0.000,0.000,0.000,0.000,0.000,false,false,false,false,false,false,false,false,false,false,false,false,--.--,--.--,--.--,--.--,--.--,--.--,--.--,--.--,0.0000000,0.0000000,31NAA 66021 00000,--.--,--.--,0.0,0,0,--.--,--.--,,--.--,--.--,--.--,0,0,--.--,--.--,0,--.--,--.--,--.--,--.--,--.--,--.--,--.--,--.--,--.--,--.--,--.--,--.--,--.--,--.--,--.--,--.--,--.--,--.--,28.41,14.13,--.--,0,0,0.0,0.0,0.0,0,0,0,--.--,--.--,--.--
2023-05-21 07:44:44.595,-1.8,-0.2,274,0.0,0.0,0.0,0.0,0.0,0.000,-0.0,-0.1,-0.1,0.000,-0.114,0.000,0.0,00:00:00,0.0,0,--.--,0,0.0,0,0000:00:00,50,0,0,0,50,0,0,0.87,0,0,0,17.45,-11.21,-558,--.--,--.--,--.--,--:--:--,1,-195.67,07:44:44,5/21/23,--.--,--.--,--.--,--.--,--.--,--.--,--.--,--.--,--.--,0.87,--.--,50.00,0,0.000,0.000,0.000,0.000,0.000,0.000,0.000,0.000,0.000,0.000,0.000,0.000,false,false,false,false,false,false,false,false,false,false,false,false,--.--,--.--,--.--,--.--,--.--,--.--,--.--,--.--,0.0000000,0.0000000,31NAA 66021 00000,--.--,--.--,0.0,0,0,--.--,--.--,,--.--,--.--,--.--,0,0,--.--,--.--,0,--.--,--.--,--.--,--.--,--.--,--.--,--.--,--.--,--.--,--.--,--.--,--.--,--.--,--.--,--.--,--.--,--.--,--.--,28.43,14.14,--.--,0,0,0.0,0.0,0.0,0,0,0,--.--,--.--,--.--
2023-05-21 07:44:45.595,-1.8,-0.2,274,0.0,0.0,0.0,0.0,0.0,0.000,-0.0,-0.1,-0.1,0.000,-0.115,0.000,0.0,00:00:00,0.0,0,--.--,0,0.0,0,0000:00:00,50,0,0,0,50,0,0,1.54,0,0,0,17.44,-11.20,-561,--.--,--.--,--.--,--:--:--,1,-195.33,07:44:45,5/21/23,--.--,--.--,--.--,--.--,--.--,--.--,--.--,--.--,--.--,1.54,--.--,50.00,0,0.000,0.000,0.000,0.000,0.000,0.000,0.000,0.000,0.000,0.000,0.000,0.000,false,false,false,false,false,false,false,false,false,false,false,false,--.--,--.--,--.--,--.--,--.--,--.--,--.--,--.--,0.0000000,0.0000000,31NAA 66021 00000,--.--,--.--,0.0,0,0,--.--,--.--,,--.--,--.--,--.--,0,0,--.--,--.--,0,--.--,--.--,--.--,--.--,--.--,--.--,--.--,--.--,--.--,--.--,--.--,--.--,--.--,--.--,--.--,--.--,--.--,--.--,28.44,14.14,--.--,0,0,0.0,0.0,0.0,0,0,0,--.--,--.--,--.--
2023-05-21 07:44:46.587,-1.8,-0.2,274,0.0,0.0,0.0,0.0,0.0,0.000,-0.0,-0.1,-0.1,0.000,-0.113,0.000,0.0,00:00:00,0.0,0,--.--,0,0.0,0,0000:00:00,50,0,0,0,50,0,0,1.60,0,0,0,17.43,-11.22,-564,--.--,--.--,--.--,--:--:--,1,-195.62,07:44:46,5/21/23,--.--,--.--,--.--,--.--,--.--,--.--,--.--,--.--,--.--,2.33,--.--,50.00,0,0.000,0.000,0.000,0.000,0.000,0.000,0.000,0.000,0.000,0.000,0.000,0.000,false,false,false,false,false,false,false,false,false,false,false,false,--.--,--.--,--.--,--.--,--.--,--.--,--.--,--.--,0.0000000,0.0000000,31NAA 66021 00000,--.--,--.--,0.0,0,0,--.--,--.--,,--.--,--.--,--.--,0,0,--.--,--.--,0,--.--,--.--,--.--,--.--,--.--,--.--,--.--,--.--,--.--,--.--,--.--,--.--,--.--,--.--,--.--,--.--,--.--,--.--,28.47,14.14,--.--,0,0,0.0,0.0,0.0,0,0,0,--.--,--.--,--.--
2023-05-21 07:44:47.587,-1.8,-0.2,274,0.0,0.0,0.0,0.0,0.0,0.000,-0.0,-0.1,-0.1,0.000,-0.114,0.000,0.0,00:00:00,0.0,0,--.--,0,0.0,0,0000:00:00,50,0,0,0,50,0,0,0.92,0,0,0,17.42,-11.16,-567,--.--,--.--,--.--,--:--:--,1,-194.43,07:44:47,5/21/23,--.--,--.--,--.--,--.--,--.--,--.--,--.--,--.--,--.--,0.83,--.--,50.00,0,0.000,0.000,0.000,0.000,0.000,0.000,0.000,0.000,0.000,0.000,0.000,0.000,false,false,false,false,false,false,false,false,false,false,false,false,--.--,--.--,--.--,--.--,--.--,--.--,--.--,--.--,0.0000000,0.0000000,31NAA 66021 00000,--.--,--.--,0.0,0,0,--.--,--.--,,--.--,--.--,--.--,0,0,--.--,--.--,0,--.--,--.--,--.--,--.--,--.--,--.--,--.--,--.--,--.--,--.--,--.--,--.--,--.--,--.--,--.--,--.--,--.--,--.--,28.48,14.14,--.--,0,0,0.0,0.0,0.0,0,0,0,--.--,--.--,--.--
2023-05-21 07:44:48.595,-1.8,-0.2,274,0.0,0.0,0.0,0.0,0.0,0.000,-0.0,-0.1,-0.1,0.000,-0.115,0.000,0.0,00:00:00,0.0,0,--.--,0,0.0,0,0000:00:00,50,0,0,0,50,0,0,1.72,0,0,0,17.45,-11.20,-571,--.--,--.--,--.--,--:--:--,1,-195.40,07:44:48,5/21/23,--.--,--.--,--.--,--.--,--.--,--.--,--.--,--.--,--.--,1.72,--.--,50.00,0,0.000,0.000,0.000,0.000,0.000,0.000,0.000,0.000,0.000,0.000,0.000,0.000,false,false,false,false,false,false,false,false,false,false,false,false,--.--,--.--,--.--,--.--,--.--,--.--,--.--,--.--,0.0000000,0.0000000,31NAA 66021 00000,--.--,--.--,0.0,0,0,--.--,--.--,,--.--,--.--,--.--,0,0,--.--,--.--,0,--.--,--.--,--.--,--.--,--.--,--.--,--.--,--.--,--.--,--.--,--.--,--.--,--.--,--.--,--.--,--.--,--.--,--.--,28.49,14.14,--.--,0,0,0.0,0.0,0.0,0,0,0,--.--,--.--,--.--
2023-05-21 07:44:49.594,-1.8,-0.2,274,0.0,0.0,0.0,0.0,0.0,0.000,-0.0,-0.1,-0.1,0.000,-0.115,0.000,0.0,00:00:00,0.0,0,--.--,0,0.0,0,0000:00:00,50,0,0,0,50,0,0,2.40,0,0,0,17.45,-11.26,-574,--.--,--.--,--.--,--:--:--,1,-196.54,07:44:49,5/21/23,--.--,--.--,--.--,--.--,--.--,--.--,--.--,--.--,--.--,2.40,--.--,50.00,0,0.000,0.000,0.000,0.000,0.000,0.000,0.000,0.000,0.000,0.000,0.000,0.000,false,false,false,false,false,false,false,false,false,false,false,false,--.--,--.--,--.--,--.--,--.--,--.--,--.--,--.--,0.0000000,0.0000000,31NAA 66021 00000,--.--,--.--,0.0,0,0,--.--,--.--,,--.--,--.--,--.--,0,0,--.--,--.--,0,--.--,--.--,--.--,--.--,--.--,--.--,--.--,--.--,--.--,--.--,--.--,--.--,--.--,--.--,--.--,--.--,--.--,--.--,28.51,14.14,--.--,0,0,0.0,0.0,0.0,0,0,0,--.--,--.--,--.--
2023-05-21 07:44:50.603,-1.8,-0.2,274,0.0,0.0,0.0,0.0,0.0,0.000,0.0,-0.1,-0.1,0.000,-0.113,0.000,0.0,00:00:00,0.0,0,--.--,0,0.0,0,0000:00:00,50,0,0,0,50,0,0,2.28,0,0,0,17.46,-11.29,-577,--.--,--.--,--.--,--:--:--,1,-197.11,07:44:50,5/21/23,--.--,--.--,--.--,--.--,--.--,--.--,--.--,--.--,--.--,0.85,--.--,50.00,0,0.000,0.000,0.000,0.000,0.000,0.000,0.000,0.000,0.000,0.000,0.000,0.000,false,false,false,false,false,false,false,false,false,false,false,false,--.--,--.--,--.--,--.--,--.--,--.--,--.--,--.--,0.0000000,0.0000000,31NAA 66021 00000,--.--,--.--,0.0,0,0,--.--,--.--,,--.--,--.--,--.--,0,0,--.--,--.--,0,--.--,--.--,--.--,--.--,--.--,--.--,--.--,--.--,--.--,--.--,--.--,--.--,--.--,--.--,--.--,--.--,--.--,--.--,28.53,14.14,--.--,0,0,0.0,0.0,0.0,0,0,0,--.--,--.--,--.--
2023-05-21 07:44:51.593,-1.8,-0.2,274,0.0,0.0,0.0,0.0,0.0,0.000,0.0,-0.1,-0.1,0.000,-0.112,0.000,0.0,00:00:00,0.0,0,--.--,0,0.0,0,0000:00:00,50,0,0,0,50,0,0,0.94,0,0,0,17.46,-11.23,-580,--.--,--.--,--.--,--:--:--,1,-196.06,07:44:51,5/21/23,--.--,--.--,--.--,--.--,--.--,--.--,--.--,--.--,--.--,0.94,--.--,50.00,0,0.000,0.000,0.000,0.000,0.000,0.000,0.000,0.000,0.000,0.000,0.000,0.000,false,false,false,false,false,false,false,false,false,false,false,false,--.--,--.--,--.--,--.--,--.--,--.--,--.--,--.--,0.0000000,0.0000000,31NAA 66021 00000,--.--,--.--,0.0,0,0,--.--,--.--,,--.--,--.--,--.--,0,0,--.--,--.--,0,--.--,--.--,--.--,--.--,--.--,--.--,--.--,--.--,--.--,--.--,--.--,--.--,--.--,--.--,--.--,--.--,--.--,--.--,28.54,14.14,--.--,0,0,0.0,0.0,0.0,0,0,0,--.--,--.--,--.--
2023-05-21 07:44:52.587,-1.8,-0.2,274,0.0,0.0,0.0,0.0,0.0,0.000,0.0,-0.1,-0.1,0.000,-0.110,0.000,0.0,00:00:00,0.0,0,--.--,0,0.0,0,0000:00:00,50,0,0,0,50,0,0,0.92,0,0,0,17.45,-11.26,-583,--.--,--.--,--.--,--:--:--,1,-196.51,07:44:52,5/21/23,--.--,--.--,--.--,--.--,--.--,--.--,--.--,--.--,--.--,0.92,--.--,50.00,0,0.000,0.000,0.000,0.000,0.000,0.000,0.000,0.000,0.000,0.000,0.000,0.000,false,false,false,false,false,false,false,false,false,false,false,false,--.--,--.--,--.--,--.--,--.--,--.--,--.--,--.--,0.0000000,0.0000000,31NAA 66021 00000,--.--,--.--,0.0,0,0,--.--,--.--,,--.--,--.--,--.--,0,0,--.--,--.--,0,--.--,--.--,--.--,--.--,--.--,--.--,--.--,--.--,--.--,--.--,--.--,--.--,--.--,--.--,--.--,--.--,--.--,--.--,28.55,14.14,--.--,0,0,0.0,0.0,0.0,0,0,0,--.--,--.--,--.--
2023-05-21 07:44:53.586,-1.8,-0.2,274,0.0,0.0,0.0,0.0,0.0,0.000,0.0,-0.1,-0.1,0.000,-0.112,0.000,0.0,00:00:00,0.0,0,--.--,0,0.0,0,0000:00:00,50,0,0,0,50,0,0,1.02,0,0,0,17.44,-11.18,-586,--.--,--.--,--.--,--:--:--,1,-194.98,07:44:53,5/21/23,--.--,--.--,--.--,--.--,--.--,--.--,--.--,--.--,--.--,1.02,--.--,50.00,0,0.000,0.000,0.000,0.000,0.000,0.000,0.000,0.000,0.000,0.000,0.000,0.000,false,false,false,false,false,false,false,false,false,false,false,false,--.--,--.--,--.--,--.--,--.--,--.--,--.--,--.--,0.0000000,0.0000000,31NAA 66021 00000,--.--,--.--,0.0,0,0,--.--,--.--,,--.--,--.--,--.--,0,0,--.--,--.--,0,--.--,--.--,--.--,--.--,--.--,--.--,--.--,--.--,--.--,--.--,--.--,--.--,--.--,--.--,--.--,--.--,--.--,--.--,28.58,14.14,--.--,0,0,0.0,0.0,0.0,0,0,0,--.--,--.--,--.--
2023-05-21 07:44:54.598,-1.8,-0.2,274,0.0,0.0,0.0,0.0,0.0,0.000,0.0,-0.1,-0.1,0.000,-0.113,0.000,0.0,00:00:00,0.0,0,--.--,0,0.0,0,0000:00:00,50,0,0,0,50,0,0,0.91,0,0,0,17.45,-11.25,-589,--.--,--.--,--.--,--:--:--,1,-196.31,07:44:54,5/21/23,--.--,--.--,--.--,--.--,--.--,--.--,--.--,--.--,--.--,1.51,--.--,50.00,0,0.000,0.000,0.000,0.000,0.000,0.000,0.000,0.000,0.000,0.000,0.000,0.000,false,false,false,false,false,false,false,false,false,false,false,false,--.--,--.--,--.--,--.--,--.--,--.--,--.--,--.--,0.0000000,0.0000000,31NAA 66021 00000,--.--,--.--,0.0,0,0,--.--,--.--,,--.--,--.--,--.--,0,0,--.--,--.--,0,--.--,--.--,--.--,--.--,--.--,--.--,--.--,--.--,--.--,--.--,--.--,--.--,--.--,--.--,--.--,--.--,--.--,--.--,28.59,14.14,--.--,0,0,0.0,0.0,0.0,0,0,0,--.--,--.--,--.--
2023-05-21 07:44:55.591,-1.8,-0.2,274,0.0,0.0,0.0,0.0,0.0,0.000,0.0,-0.1,-0.1,0.000,-0.112,0.000,0.0,00:00:00,0.0,0,--.--,0,0.0,0,0000:00:00,50,0,0,0,50,0,0,0.90,0,0,0,17.46,-11.26,-592,--.--,--.--,--.--,--:--:--,1,-196.59,07:44:55,5/21/23,--.--,--.--,--.--,--.--,--.--,--.--,--.--,--.--,--.--,1.56,--.--,50.00,0,0.000,0.000,0.000,0.000,0.000,0.000,0.000,0.000,0.000,0.000,0.000,0.000,false,false,false,false,false,false,false,false,false,false,false,false,--.--,--.--,--.--,--.--,--.--,--.--,--.--,--.--,0.0000000,0.0000000,31NAA 66021 00000,--.--,--.--,0.0,0,0,--.--,--.--,,--.--,--.--,--.--,0,0,--.--,--.--,0,--.--,--.--,--.--,--.--,--.--,--.--,--.--,--.--,--.--,--.--,--.--,--.--,--.--,--.--,--.--,--.--,--.--,--.--,28.61,14.14,--.--,0,0,0.0,0.0,0.0,0,0,0,--.--,--.--,--.--
2023-05-21 07:44:56.589,-1.8,-0.2,274,0.0,0.0,0.0,0.0,0.0,0.000,0.0,-0.1,-0.1,0.000,-0.112,0.000,0.0,00:00:00,0.0,0,--.--,0,0.0,0,0000:00:00,50,0,0,0,50,0,0,0.94,0,0,0,17.46,-11.21,-595,--.--,--.--,--.--,--:--:--,1,-195.70,07:44:56,5/21/23,--.--,--.--,--.--,--.--,--.--,--.--,--.--,--.--,--.--,0.94,--.--,50.00,0,0.000,0.000,0.000,0.000,0.000,0.000,0.000,0.000,0.000,0.000,0.000,0.000,false,false,false,false,false,false,false,false,false,false,false,false,--.--,--.--,--.--,--.--,--.--,--.--,--.--,--.--,0.0000000,0.0000000,31NAA 66021 00000,--.--,--.--,0.0,0,0,--.--,--.--,,--.--,--.--,--.--,0,0,--.--,--.--,0,--.--,--.--,--.--,--.--,--.--,--.--,--.--,--.--,--.--,--.--,--.--,--.--,--.--,--.--,--.--,--.--,--.--,--.--,28.62,14.14,--.--,0,0,0.0,0.0,0.0,0,0,0,--.--,--.--,--.--
2023-05-21 07:44:57.589,-1.8,-0.2,274,0.0,0.0,0.0,0.0,0.0,0.000,0.0,-0.1,-0.1,0.000,-0.111,0.000,0.0,00:00:00,0.0,0,--.--,0,0.0,0,0000:00:00,50,0,0,0,50,0,0,0.83,0,0,0,17.44,-11.20,-599,--.--,--.--,--.--,--:--:--,1,-195.32,07:44:57,5/21/23,--.--,--.--,--.--,--.--,--.--,--.--,--.--,--.--,--.--,0.83,--.--,50.00,0,0.000,0.000,0.000,0.000,0.000,0.000,0.000,0.000,0.000,0.000,0.000,0.000,false,false,false,false,false,false,false,false,false,false,false,false,--.--,--.--,--.--,--.--,--.--,--.--,--.--,--.--,0.0000000,0.0000000,31NAA 66021 00000,--.--,--.--,0.0,0,0,--.--,--.--,,--.--,--.--,--.--,0,0,--.--,--.--,0,--.--,--.--,--.--,--.--,--.--,--.--,--.--,--.--,--.--,--.--,--.--,--.--,--.--,--.--,--.--,--.--,--.--,--.--,28.65,14.14,--.--,0,0,0.0,0.0,0.0,0,0,0,--.--,--.--,--.--
2023-05-21 07:44:58.587,-1.8,-0.2,274,0.0,0.0,0.0,0.0,0.0,0.000,0.0,-0.1,-0.1,0.000,-0.110,0.000,0.0,00:00:00,0.0,0,--.--,0,0.0,0,0000:00:00,50,0,0,0,50,0,0,0.00,0,0,0,17.45,-11.23,-602,--.--,--.--,--.--,--:--:--,1,-195.97,07:44:58,5/21/23,--.--,--.--,--.--,--.--,--.--,--.--,--.--,--.--,--.--,0.83,--.--,50.00,0,0.000,0.000,0.000,0.000,0.000,0.000,0.000,0.000,0.000,0.000,0.000,0.000,false,false,false,false,false,false,false,false,false,false,false,false,--.--,--.--,--.--,--.--,--.--,--.--,--.--,--.--,0.0000000,0.0000000,31NAA 66021 00000,--.--,--.--,0.0,0,0,--.--,--.--,,--.--,--.--,--.--,0,0,--.--,--.--,0,--.--,--.--,--.--,--.--,--.--,--.--,--.--,--.--,--.--,--.--,--.--,--.--,--.--,--.--,--.--,--.--,--.--,--.--,28.65,14.15,--.--,0,0,0.0,0.0,0.0,0,0,0,--.--,--.--,--.--
2023-05-21 07:44:59.590,-1.7,-0.2,274,0.0,0.0,0.0,0.0,0.0,0.000,-0.0,-0.1,-0.1,0.000,-0.111,0.000,0.0,00:00:00,0.0,0,--.--,0,0.0,0,0000:00:00,50,0,0,0,50,0,0,0.78,0,0,0,17.45,-11.24,-605,--.--,--.--,--.--,--:--:--,1,-196.15,07:44:59,5/21/23,--.--,--.--,--.--,--.--,--.--,--.--,--.--,--.--,--.--,0.78,--.--,50.00,0,0.000,0.000,0.000,0.000,0.000,0.000,0.000,0.000,0.000,0.000,0.000,0.000,false,false,false,false,false,false,false,false,false,false,false,false,--.--,--.--,--.--,--.--,--.--,--.--,--.--,--.--,0.0000000,0.0000000,31NAA 66021 00000,--.--,--.--,0.0,0,0,--.--,--.--,,--.--,--.--,--.--,0,0,--.--,--.--,0,--.--,--.--,--.--,--.--,--.--,--.--,--.--,--.--,--.--,--.--,--.--,--.--,--.--,--.--,--.--,--.--,--.--,--.--,28.67,14.15,--.--,0,0,0.0,0.0,0.0,0,0,0,--.--,--.--,--.--
2023-05-21 07:45:00.594,-1.7,-0.2,274,0.0,0.0,0.0,0.0,0.0,0.000,0.0,-0.1,-0.1,0.000,-0.114,0.000,0.0,00:00:00,0.0,0,--.--,0,0.0,0,0000:00:00,50,0,0,0,50,0,0,0.78,0,0,0,17.46,-11.25,-608,--.--,--.--,--.--,--:--:--,1,-196.40,07:45:00,5/21/23,--.--,--.--,--.--,--.--,--.--,--.--,--.--,--.--,--.--,0.78,--.--,50.00,0,0.000,0.000,0.000,0.000,0.000,0.000,0.000,0.000,0.000,0.000,0.000,0.000,false,false,false,false,false,false,false,false,false,false,false,false,--.--,--.--,--.--,--.--,--.--,--.--,--.--,--.--,0.0000000,0.0000000,31NAA 66021 00000,--.--,--.--,0.0,0,0,--.--,--.--,,--.--,--.--,--.--,0,0,--.--,--.--,0,--.--,--.--,--.--,--.--,--.--,--.--,--.--,--.--,--.--,--.--,--.--,--.--,--.--,--.--,--.--,--.--,--.--,--.--,28.69,14.14,--.--,0,0,0.0,0.0,0.0,0,0,0,--.--,--.--,--.--
2023-05-21 07:45:01.594,-1.7,-0.2,274,0.0,0.0,0.0,0.0,0.0,0.000,0.0,-0.1,-0.1,0.000,-0.112,0.000,0.0,00:00:00,0.0,0,--.--,0,0.0,0,0000:00:00,50,0,0,0,50,0,0,0.83,0,0,0,17.45,-11.20,-611,--.--,--.--,--.--,--:--:--,1,-195.44,07:45:01,5/21/23,--.--,--.--,--.--,--.--,--.--,--.--,--.--,--.--,--.--,0.83,--.--,50.00,0,0.000,0.000,0.000,0.000,0.000,0.000,0.000,0.000,0.000,0.000,0.000,0.000,false,false,false,false,false,false,false,false,false,false,false,false,--.--,--.--,--.--,--.--,--.--,--.--,--.--,--.--,0.0000000,0.0000000,31NAA 66021 00000,--.--,--.--,0.0,0,0,--.--,--.--,,--.--,--.--,--.--,0,0,--.--,--.--,0,--.--,--.--,--.--,--.--,--.--,--.--,--.--,--.--,--.--,--.--,--.--,--.--,--.--,--.--,--.--,--.--,--.--,--.--,28.70,14.15,--.--,0,0,0.0,0.0,0.0,0,0,0,--.--,--.--,--.--
2023-05-21 07:45:02.586,-1.7,-0.2,274,0.0,0.0,0.0,0.0,0.0,0.000,0.0,-0.1,-0.1,0.000,-0.112,0.000,0.0,00:00:00,0.0,0,--.--,0,0.0,0,0000:00:00,50,0,0,0,50,0,0,0.83,0,0,0,17.45,-11.23,-614,--.--,--.--,--.--,--:--:--,1,-196.02,07:45:02,5/21/23,--.--,--.--,--.--,--.--,--.--,--.--,--.--,--.--,--.--,0.91,--.--,50.00,0,0.000,0.000,0.000,0.000,0.000,0.000,0.000,0.000,0.000,0.000,0.000,0.000,false,false,false,false,false,false,false,false,false,false,false,false,--.--,--.--,--.--,--.--,--.--,--.--,--.--,--.--,0.0000000,0.0000000,31NAA 66021 00000,--.--,--.--,0.0,0,0,--.--,--.--,,--.--,--.--,--.--,0,0,--.--,--.--,0,--.--,--.--,--.--,--.--,--.--,--.--,--.--,--.--,--.--,--.--,--.--,--.--,--.--,--.--,--.--,--.--,--.--,--.--,28.71,14.14,--.--,0,0,0.0,0.0,0.0,0,0,0,--.--,--.--,--.--
2023-05-21 07:45:03.590,-1.6,-0.2,274,0.0,0.0,0.0,0.0,0.0,0.000,-0.0,-0.1,-0.1,0.000,-0.112,0.000,0.0,00:00:00,0.0,0,--.--,0,0.0,0,0000:00:00,50,0,0,0,50,0,0,1.78,0,0,0,17.45,-11.25,-617,--.--,--.--,--.--,--:--:--,1,-196.28,07:45:03,5/21/23,--.--,--.--,--.--,--.--,--.--,--.--,--.--,--.--,--.--,1.78,--.--,50.00,0,0.000,0.000,0.000,0.000,0.000,0.000,0.000,0.000,0.000,0.000,0.000,0.000,false,false,false,false,false,false,false,false,false,false,false,false,--.--,--.--,--.--,--.--,--.--,--.--,--.--,--.--,0.0000000,0.0000000,31NAA 66021 00000,--.--,--.--,0.0,0,0,--.--,--.--,,--.--,--.--,--.--,0,0,--.--,--.--,0,--.--,--.--,--.--,--.--,--.--,--.--,--.--,--.--,--.--,--.--,--.--,--.--,--.--,--.--,--.--,--.--,--.--,--.--,28.73,14.15,--.--,0,0,0.0,0.0,0.0,0,0,0,--.--,--.--,--.--
2023-05-21 07:45:04.591,-1.6,-0.2,274,0.0,0.0,0.0,0.0,0.0,0.000,-0.0,-0.1,-0.1,0.000,-0.112,0.000,0.0,00:00:00,0.0,0,--.--,0,0.0,0,0000:00:00,50,0,0,0,50,0,0,1.83,0,0,0,17.45,-11.21,-620,--.--,--.--,--.--,--:--:--,1,-195.61,07:45:04,5/21/23,--.--,--.--,--.--,--.--,--.--,--.--,--.--,--.--,--.--,0.79,--.--,50.00,0,0.000,0.000,0.000,0.000,0.000,0.000,0.000,0.000,0.000,0.000,0.000,0.000,false,false,false,false,false,false,false,false,false,false,false,false,--.--,--.--,--.--,--.--,--.--,--.--,--.--,--.--,0.0000000,0.0000000,31NAA 66021 00000,--.--,--.--,0.0,0,0,--.--,--.--,,--.--,--.--,--.--,0,0,--.--,--.--,0,--.--,--.--,--.--,--.--,--.--,--.--,--.--,--.--,--.--,--.--,--.--,--.--,--.--,--.--,--.--,--.--,--.--,--.--,28.75,14.15,--.--,0,0,0.0,0.0,0.0,0,0,0,--.--,--.--,--.--
2023-05-21 07:45:05.587,-1.7,-0.2,274,0.0,0.0,0.0,0.0,0.0,0.000,-0.0,-0.1,-0.1,0.000,-0.111,0.000,0.0,00:00:00,0.0,0,--.--,0,0.0,0,0000:00:00,50,0,0,0,50,0,0,1.70,0,0,0,17.46,-11.22,-624,--.--,--.--,--.--,--:--:--,1,-195.87,07:45:05,5/21/23,--.--,--.--,--.--,--.--,--.--,--.--,--.--,--.--,--.--,0.74,--.--,50.00,0,0.000,0.000,0.000,0.000,0.000,0.000,0.000,0.000,0.000,0.000,0.000,0.000,false,false,false,false,false,false,false,false,false,false,false,false,--.--,--.--,--.--,--.--,--.--,--.--,--.--,--.--,0.0000000,0.0000000,31NAA 66021 00000,--.--,--.--,0.0,0,0,--.--,--.--,,--.--,--.--,--.--,0,0,--.--,--.--,0,--.--,--.--,--.--,--.--,--.--,--.--,--.--,--.--,--.--,--.--,--.--,--.--,--.--,--.--,--.--,--.--,--.--,--.--,28.77,14.15,--.--,0,0,0.0,0.0,0.0,0,0,0,--.--,--.--,--.--
2023-05-21 07:45:06.597,-1.7,-0.2,274,0.0,0.0,0.0,0.0,0.0,0.000,-0.0,-0.1,-0.1,0.000,-0.115,0.000,0.0,00:00:00,0.0,0,--.--,0,0.0,0,0000:00:00,50,0,0,0,50,0,0,0.25,0,0,0,17.46,-11.21,-627,--.--,--.--,--.--,--:--:--,1,-195.70,07:45:06,5/21/23,--.--,--.--,--.--,--.--,--.--,--.--,--.--,--.--,--.--,0.86,--.--,50.00,0,0.000,0.000,0.000,0.000,0.000,0.000,0.000,0.000,0.000,0.000,0.000,0.000,false,false,false,false,false,false,false,false,false,false,false,false,--.--,--.--,--.--,--.--,--.--,--.--,--.--,--.--,0.0000000,0.0000000,31NAA 66021 00000,--.--,--.--,0.0,0,0,--.--,--.--,,--.--,--.--,--.--,0,0,--.--,--.--,0,--.--,--.--,--.--,--.--,--.--,--.--,--.--,--.--,--.--,--.--,--.--,--.--,--.--,--.--,--.--,--.--,--.--,--.--,28.78,14.15,--.--,0,0,0.0,0.0,0.0,0,0,0,--.--,--.--,--.--
2023-05-21 07:45:07.587,-1.7,-0.2,274,0.0,0.0,0.0,0.0,0.0,0.000,-0.0,-0.1,-0.1,0.000,-0.114,0.000,0.0,00:00:00,0.0,0,--.--,0,0.0,0,0000:00:00,50,0,0,0,50,0,0,1.36,0,0,0,17.45,-11.21,-630,--.--,--.--,--.--,--:--:--,1,-195.61,07:45:07,5/21/23,--.--,--.--,--.--,--.--,--.--,--.--,--.--,--.--,--.--,1.36,--.--,50.00,0,0.000,0.000,0.000,0.000,0.000,0.000,0.000,0.000,0.000,0.000,0.000,0.000,false,false,false,false,false,false,false,false,false,false,false,false,--.--,--.--,--.--,--.--,--.--,--.--,--.--,--.--,0.0000000,0.0000000,31NAA 66021 00000,--.--,--.--,0.0,0,0,--.--,--.--,,--.--,--.--,--.--,0,0,--.--,--.--,0,--.--,--.--,--.--,--.--,--.--,--.--,--.--,--.--,--.--,--.--,--.--,--.--,--.--,--.--,--.--,--.--,--.--,--.--,28.80,14.15,--.--,0,0,0.0,0.0,0.0,0,0,0,--.--,--.--,--.--
2023-05-21 07:45:08.587,-1.7,-0.2,274,0.0,0.0,0.0,0.0,0.0,0.000,0.0,-0.1,-0.1,0.000,-0.110,0.000,0.0,00:00:00,0.0,0,--.--,0,0.0,0,0000:00:00,50,0,0,0,50,0,0,0.86,0,0,0,17.46,-11.22,-633,--.--,--.--,--.--,--:--:--,1,-195.88,07:45:08,5/21/23,--.--,--.--,--.--,--.--,--.--,--.--,--.--,--.--,--.--,0.70,--.--,50.00,0,0.000,0.000,0.000,0.000,0.000,0.000,0.000,0.000,0.000,0.000,0.000,0.000,false,false,false,false,false,false,false,false,false,false,false,false,--.--,--.--,--.--,--.--,--.--,--.--,--.--,--.--,0.0000000,0.0000000,31NAA 66021 00000,--.--,--.--,0.0,0,0,--.--,--.--,,--.--,--.--,--.--,0,0,--.--,--.--,0,--.--,--.--,--.--,--.--,--.--,--.--,--.--,--.--,--.--,--.--,--.--,--.--,--.--,--.--,--.--,--.--,--.--,--.--,28.81,14.15,--.--,0,0,0.0,0.0,0.0,0,0,0,--.--,--.--,--.--
2023-05-21 07:45:09.598,-1.7,-0.3,274,0.0,0.0,0.0,0.0,0.0,0.000,-0.0,-0.1,-0.1,0.000,-0.111,0.000,0.0,00:00:00,0.0,0,--.--,0,0.0,0,0000:00:00,50,0,0,0,50,0,0,1.82,0,0,0,17.46,-11.21,-636,--.--,--.--,--.--,--:--:--,1,-195.70,07:45:09,5/21/23,--.--,--.--,--.--,--.--,--.--,--.--,--.--,--.--,--.--,0.74,--.--,50.00,0,0.000,0.000,0.000,0.000,0.000,0.000,0.000,0.000,0.000,0.000,0.000,0.000,false,false,false,false,false,false,false,false,false,false,false,false,--.--,--.--,--.--,--.--,--.--,--.--,--.--,--.--,0.0000000,0.0000000,31NAA 66021 00000,--.--,--.--,0.0,0,0,--.--,--.--,,--.--,--.--,--.--,0,0,--.--,--.--,0,--.--,--.--,--.--,--.--,--.--,--.--,--.--,--.--,--.--,--.--,--.--,--.--,--.--,--.--,--.--,--.--,--.--,--.--,28.83,14.15,--.--,0,0,0.0,0.0,0.0,0,0,0,--.--,--.--,--.--
2023-05-21 07:45:10.598,-1.7,-0.3,274,0.0,0.0,0.0,0.0,0.0,0.000,-0.0,-0.1,-0.1,0.000,-0.112,0.000,0.0,00:00:00,0.0,0,--.--,0,0.0,0,0000:00:00,50,0,0,0,50,0,0,0.75,0,0,0,17.46,-11.26,-639,--.--,--.--,--.--,--:--:--,1,-196.57,07:45:10,5/21/23,--.--,--.--,--.--,--.--,--.--,--.--,--.--,--.--,--.--,0.75,--.--,50.00,0,0.000,0.000,0.000,0.000,0.000,0.000,0.000,0.000,0.000,0.000,0.000,0.000,false,false,false,false,false,false,false,false,false,false,false,false,--.--,--.--,--.--,--.--,--.--,--.--,--.--,--.--,0.0000000,0.0000000,31NAA 66021 00000,--.--,--.--,0.0,0,0,--.--,--.--,,--.--,--.--,--.--,0,0,--.--,--.--,0,--.--,--.--,--.--,--.--,--.--,--.--,--.--,--.--,--.--,--.--,--.--,--.--,--.--,--.--,--.--,--.--,--.--,--.--,28.85,14.15,--.--,0,0,0.0,0.0,0.0,0,0,0,--.--,--.--,--.--
2023-05-21 07:45:11.589,-1.8,-0.3,274,0.0,0.0,0.0,0.0,0.0,0.000,-0.0,-0.1,-0.1,0.000,-0.113,0.000,0.0,00:00:00,0.0,0,--.--,0,0.0,0,0000:00:00,50,0,0,0,50,0,0,2.61,0,0,0,17.45,-11.17,-642,--.--,--.--,--.--,--:--:--,1,-194.94,07:45:11,5/21/23,--.--,--.--,--.--,--.--,--.--,--.--,--.--,--.--,--.--,1.49,--.--,50.00,0,0.000,0.000,0.000,0.000,0.000,0.000,0.000,0.000,0.000,0.000,0.000,0.000,false,false,false,false,false,false,false,false,false,false,false,false,--.--,--.--,--.--,--.--,--.--,--.--,--.--,--.--,0.0000000,0.0000000,31NAA 66021 00000,--.--,--.--,0.0,0,0,--.--,--.--,,--.--,--.--,--.--,0,0,--.--,--.--,0,--.--,--.--,--.--,--.--,--.--,--.--,--.--,--.--,--.--,--.--,--.--,--.--,--.--,--.--,--.--,--.--,--.--,--.--,28.87,14.15,--.--,0,0,0.0,0.0,0.0,0,0,0,--.--,--.--,--.--
2023-05-21 07:45:12.593,-1.8,-0.3,274,0.0,0.0,0.0,0.0,0.0,0.000,-0.0,-0.1,-0.1,0.000,-0.111,0.000,0.0,00:00:00,0.0,0,--.--,0,0.0,0,0000:00:00,50,0,0,0,50,0,0,0.86,0,0,0,17.46,-11.22,-645,--.--,--.--,--.--,--:--:--,1,-195.88,07:45:12,5/21/23,--.--,--.--,--.--,--.--,--.--,--.--,--.--,--.--,--.--,1.41,--.--,50.00,0,0.000,0.000,0.000,0.000,0.000,0.000,0.000,0.000,0.000,0.000,0.000,0.000,false,false,false,false,false,false,false,false,false,false,false,false,--.--,--.--,--.--,--.--,--.--,--.--,--.--,--.--,0.0000000,0.0000000,31NAA 66021 00000,--.--,--.--,0.0,0,0,--.--,--.--,,--.--,--.--,--.--,0,0,--.--,--.--,0,--.--,--.--,--.--,--.--,--.--,--.--,--.--,--.--,--.--,--.--,--.--,--.--,--.--,--.--,--.--,--.--,--.--,--.--,28.87,14.14,--.--,0,0,0.0,0.0,0.0,0,0,0,--.--,--.--,--.--
2023-05-21 07:45:13.594,-1.8,-0.3,274,0.0,0.0,0.0,0.0,0.0,0.000,-0.0,-0.1,-0.1,0.000,-0.113,0.000,0.0,00:00:00,0.0,0,--.--,0,0.0,0,0000:00:00,50,0,0,0,50,0,0,0.80,0,0,0,17.46,-11.24,-648,--.--,--.--,--.--,--:--:--,1,-196.22,07:45:13,5/21/23,--.--,--.--,--.--,--.--,--.--,--.--,--.--,--.--,--.--,0.80,--.--,50.00,0,0.000,0.000,0.000,0.000,0.000,0.000,0.000,0.000,0.000,0.000,0.000,0.000,false,false,false,false,false,false,false,false,false,false,false,false,--.--,--.--,--.--,--.--,--.--,--.--,--.--,--.--,0.0000000,0.0000000,31NAA 66021 00000,--.--,--.--,0.0,0,0,--.--,--.--,,--.--,--.--,--.--,0,0,--.--,--.--,0,--.--,--.--,--.--,--.--,--.--,--.--,--.--,--.--,--.--,--.--,--.--,--.--,--.--,--.--,--.--,--.--,--.--,--.--,28.89,14.16,--.--,0,0,0.0,0.0,0.0,0,0,0,--.--,--.--,--.--
2023-05-21 07:45:14.588,-1.8,-0.3,274,0.0,0.0,0.0,0.0,0.0,0.000,0.0,-0.1,-0.1,0.000,-0.112,0.000,0.0,00:00:00,0.0,0,--.--,0,0.0,0,0000:00:00,50,0,0,0,50,0,0,0.80,0,0,0,17.45,-11.19,-651,--.--,--.--,--.--,--:--:--,1,-195.29,07:45:14,5/21/23,--.--,--.--,--.--,--.--,--.--,--.--,--.--,--.--,--.--,0.80,--.--,50.00,0,0.000,0.000,0.000,0.000,0.000,0.000,0.000,0.000,0.000,0.000,0.000,0.000,false,false,false,false,false,false,false,false,false,false,false,false,--.--,--.--,--.--,--.--,--.--,--.--,--.--,--.--,0.0000000,0.0000000,31NAA 66021 00000,--.--,--.--,0.0,0,0,--.--,--.--,,--.--,--.--,--.--,0,0,--.--,--.--,0,--.--,--.--,--.--,--.--,--.--,--.--,--.--,--.--,--.--,--.--,--.--,--.--,--.--,--.--,--.--,--.--,--.--,--.--,28.90,14.15,--.--,0,0,0.0,0.0,0.0,0,0,0,--.--,--.--,--.--
2023-05-21 07:45:15.598,-1.8,-0.3,274,0.0,0.0,0.0,0.0,0.0,0.000,-0.0,-0.1,-0.1,0.000,-0.111,0.000,0.0,00:00:00,0.0,0,--.--,0,0.0,0,0000:00:00,50,0,0,0,50,0,0,0.84,0,0,0,17.45,-11.26,-654,--.--,--.--,--.--,--:--:--,1,-196.54,07:45:15,5/21/23,--.--,--.--,--.--,--.--,--.--,--.--,--.--,--.--,--.--,0.84,--.--,50.00,0,0.000,0.000,0.000,0.000,0.000,0.000,0.000,0.000,0.000,0.000,0.000,0.000,false,false,false,false,false,false,false,false,false,false,false,false,--.--,--.--,--.--,--.--,--.--,--.--,--.--,--.--,0.0000000,0.0000000,31NAA 66021 00000,--.--,--.--,0.0,0,0,--.--,--.--,,--.--,--.--,--.--,0,0,--.--,--.--,0,--.--,--.--,--.--,--.--,--.--,--.--,--.--,--.--,--.--,--.--,--.--,--.--,--.--,--.--,--.--,--.--,--.--,--.--,28.92,14.15,--.--,0,0,0.0,0.0,0.0,0,0,0,--.--,--.--,--.--
2023-05-21 07:45:16.599,-1.8,-0.3,274,0.0,0.0,0.0,0.0,0.0,0.000,0.0,-0.1,-0.1,0.000,-0.110,0.000,0.0,00:00:00,0.0,0,--.--,0,0.0,0,0000:00:00,50,0,0,0,50,0,0,1.23,0,0,0,17.46,-11.26,-657,--.--,--.--,--.--,--:--:--,1,-196.57,07:45:16,5/21/23,--.--,--.--,--.--,--.--,--.--,--.--,--.--,--.--,--.--,1.93,--.--,50.00,0,0.000,0.000,0.000,0.000,0.000,0.000,0.000,0.000,0.000,0.000,0.000,0.000,false,false,false,false,false,false,false,false,false,false,false,false,--.--,--.--,--.--,--.--,--.--,--.--,--.--,--.--,0.0000000,0.0000000,31NAA 66021 00000,--.--,--.--,0.0,0,0,--.--,--.--,,--.--,--.--,--.--,0,0,--.--,--.--,0,--.--,--.--,--.--,--.--,--.--,--.--,--.--,--.--,--.--,--.--,--.--,--.--,--.--,--.--,--.--,--.--,--.--,--.--,28.93,14.15,--.--,0,0,0.0,0.0,0.0,0,0,0,--.--,--.--,--.--
2023-05-21 07:45:17.597,-1.8,-0.3,274,0.0,0.0,0.0,0.0,0.0,0.000,0.0,-0.1,-0.1,0.000,-0.110,0.000,0.0,00:00:00,0.0,0,--.--,0,0.0,0,0000:00:00,50,0,0,0,50,0,0,0.80,0,0,0,17.46,-11.24,-661,--.--,--.--,--.--,--:--:--,1,-196.22,07:45:17,5/21/23,--.--,--.--,--.--,--.--,--.--,--.--,--.--,--.--,--.--,0.80,--.--,50.00,0,0.000,0.000,0.000,0.000,0.000,0.000,0.000,0.000,0.000,0.000,0.000,0.000,false,false,false,false,false,false,false,false,false,false,false,false,--.--,--.--,--.--,--.--,--.--,--.--,--.--,--.--,0.0000000,0.0000000,31NAA 66021 00000,--.--,--.--,0.0,0,0,--.--,--.--,,--.--,--.--,--.--,0,0,--.--,--.--,0,--.--,--.--,--.--,--.--,--.--,--.--,--.--,--.--,--.--,--.--,--.--,--.--,--.--,--.--,--.--,--.--,--.--,--.--,28.95,14.15,--.--,0,0,0.0,0.0,0.0,0,0,0,--.--,--.--,--.--
2023-05-21 07:45:18.587,-1.8,-0.3,274,0.0,0.0,0.0,0.0,0.0,0.000,-0.0,-0.1,-0.1,0.000,-0.112,0.000,0.0,00:00:00,0.0,0,--.--,0,0.0,0,0000:00:00,50,0,0,0,50,0,0,1.12,0,0,0,17.45,-11.25,-664,--.--,--.--,--.--,--:--:--,1,-196.28,07:45:18,5/21/23,--.--,--.--,--.--,--.--,--.--,--.--,--.--,--.--,--.--,1.12,--.--,50.00,0,0.000,0.000,0.000,0.000,0.000,0.000,0.000,0.000,0.000,0.000,0.000,0.000,false,false,false,false,false,false,false,false,false,false,false,false,--.--,--.--,--.--,--.--,--.--,--.--,--.--,--.--,0.0000000,0.0000000,31NAA 66021 00000,--.--,--.--,0.0,0,0,--.--,--.--,,--.--,--.--,--.--,0,0,--.--,--.--,0,--.--,--.--,--.--,--.--,--.--,--.--,--.--,--.--,--.--,--.--,--.--,--.--,--.--,--.--,--.--,--.--,--.--,--.--,28.97,14.15,--.--,0,0,0.0,0.0,0.0,0,0,0,--.--,--.--,--.--
2023-05-21 07:45:19.595,-1.8,-0.3,274,0.0,0.0,0.0,0.0,0.0,0.000,0.0,-0.1,-0.1,0.000,-0.112,0.000,0.0,00:00:00,0.0,0,--.--,0,0.0,0,0000:00:00,50,0,0,0,50,0,0,1.24,0,0,0,17.45,-11.25,-667,--.--,--.--,--.--,--:--:--,1,-196.32,07:45:19,5/21/23,--.--,--.--,--.--,--.--,--.--,--.--,--.--,--.--,--.--,2.09,--.--,50.00,0,0.000,0.000,0.000,0.000,0.000,0.000,0.000,0.000,0.000,0.000,0.000,0.000,false,false,false,false,false,false,false,false,false,false,false,false,--.--,--.--,--.--,--.--,--.--,--.--,--.--,--.--,0.0000000,0.0000000,31NAA 66021 00000,--.--,--.--,0.0,0,0,--.--,--.--,,--.--,--.--,--.--,0,0,--.--,--.--,0,--.--,--.--,--.--,--.--,--.--,--.--,--.--,--.--,--.--,--.--,--.--,--.--,--.--,--.--,--.--,--.--,--.--,--.--,28.98,14.15,--.--,0,0,0.0,0.0,0.0,0,0,0,--.--,--.--,--.--
2023-05-21 07:45:20.590,-1.8,-0.3,274,0.0,0.0,0.0,0.0,0.0,0.000,0.0,-0.1,-0.1,0.000,-0.110,0.000,0.0,00:00:00,0.0,0,--.--,0,0.0,0,0000:00:00,50,0,0,0,50,0,0,1.24,0,0,0,17.46,-11.23,-670,--.--,--.--,--.--,--:--:--,1,-196.04,07:45:20,5/21/23,--.--,--.--,--.--,--.--,--.--,--.--,--.--,--.--,--.--,2.02,--.--,50.00,0,0.000,0.000,0.000,0.000,0.000,0.000,0.000,0.000,0.000,0.000,0.000,0.000,false,false,false,false,false,false,false,false,false,false,false,false,--.--,--.--,--.--,--.--,--.--,--.--,--.--,--.--,0.0000000,0.0000000,31NAA 66021 00000,--.--,--.--,0.0,0,0,--.--,--.--,,--.--,--.--,--.--,0,0,--.--,--.--,0,--.--,--.--,--.--,--.--,--.--,--.--,--.--,--.--,--.--,--.--,--.--,--.--,--.--,--.--,--.--,--.--,--.--,--.--,29.00,14.16,--.--,0,0,0.0,0.0,0.0,0,0,0,--.--,--.--,--.--
2023-05-21 07:45:21.599,-1.8,-0.3,274,0.0,0.0,0.0,0.0,0.0,0.000,0.0,-0.1,-0.1,0.000,-0.111,0.000,0.0,00:00:00,0.0,0,--.--,0,0.0,0,0000:00:00,50,0,0,0,50,0,0,1.31,0,0,0,17.45,-11.25,-673,--.--,--.--,--.--,--:--:--,1,-196.36,07:45:21,5/21/23,--.--,--.--,--.--,--.--,--.--,--.--,--.--,--.--,--.--,2.14,--.--,50.00,0,0.000,0.000,0.000,0.000,0.000,0.000,0.000,0.000,0.000,0.000,0.000,0.000,false,false,false,false,false,false,false,false,false,false,false,false,--.--,--.--,--.--,--.--,--.--,--.--,--.--,--.--,0.0000000,0.0000000,31NAA 66021 00000,--.--,--.--,0.0,0,0,--.--,--.--,,--.--,--.--,--.--,0,0,--.--,--.--,0,--.--,--.--,--.--,--.--,--.--,--.--,--.--,--.--,--.--,--.--,--.--,--.--,--.--,--.--,--.--,--.--,--.--,--.--,29.01,14.15,--.--,0,0,0.0,0.0,0.0,0,0,0,--.--,--.--,--.--
2023-05-21 07:45:22.600,-1.8,-0.3,274,0.0,0.0,0.0,0.0,0.0,0.000,0.0,-0.1,-0.1,0.000,-0.111,0.000,0.0,00:00:00,0.0,0,--.--,0,0.0,0,0000:00:00,50,0,0,0,50,0,0,0.90,0,0,0,17.46,-11.20,-676,--.--,--.--,--.--,--:--:--,1,-195.52,07:45:22,5/21/23,--.--,--.--,--.--,--.--,--.--,--.--,--.--,--.--,--.--,0.90,--.--,50.00,0,0.000,0.000,0.000,0.000,0.000,0.000,0.000,0.000,0.000,0.000,0.000,0.000,false,false,false,false,false,false,false,false,false,false,false,false,--.--,--.--,--.--,--.--,--.--,--.--,--.--,--.--,0.0000000,0.0000000,31NAA 66021 00000,--.--,--.--,0.0,0,0,--.--,--.--,,--.--,--.--,--.--,0,0,--.--,--.--,0,--.--,--.--,--.--,--.--,--.--,--.--,--.--,--.--,--.--,--.--,--.--,--.--,--.--,--.--,--.--,--.--,--.--,--.--,29.02,14.15,--.--,0,0,0.0,0.0,0.0,0,0,0,--.--,--.--,--.--
2023-05-21 07:45:23.591,-1.8,-0.3,274,0.0,0.0,0.0,0.0,0.0,0.000,0.0,-0.1,-0.1,0.000,-0.108,0.000,0.0,00:00:00,0.0,0,--.--,0,0.0,0,0000:00:00,50,0,0,0,50,0,0,2.01,0,0,0,17.42,-11.20,-679,--.--,--.--,--.--,--:--:--,1,-195.08,07:45:23,5/21/23,--.--,--.--,--.--,--.--,--.--,--.--,--.--,--.--,--.--,0.83,--.--,50.00,0,0.000,0.000,0.000,0.000,0.000,0.000,0.000,0.000,0.000,0.000,0.000,0.000,false,false,false,false,false,false,false,false,false,false,false,false,--.--,--.--,--.--,--.--,--.--,--.--,--.--,--.--,0.0000000,0.0000000,31NAA 66021 00000,--.--,--.--,0.0,0,0,--.--,--.--,,--.--,--.--,--.--,0,0,--.--,--.--,0,--.--,--.--,--.--,--.--,--.--,--.--,--.--,--.--,--.--,--.--,--.--,--.--,--.--,--.--,--.--,--.--,--.--,--.--,29.04,14.15,--.--,0,0,0.0,0.0,0.0,0,0,0,--.--,--.--,--.--
2023-05-21 07:45:24.599,-1.8,-0.3,274,0.0,0.0,0.0,0.0,0.0,0.000,-0.0,-0.1,-0.1,0.000,-0.111,0.000,0.0,00:00:00,0.0,0,--.--,0,0.0,0,0000:00:00,50,0,0,0,50,0,0,2.29,0,0,0,17.46,-11.22,-682,--.--,--.--,--.--,--:--:--,1,-195.87,07:45:24,5/21/23,--.--,--.--,--.--,--.--,--.--,--.--,--.--,--.--,--.--,2.67,--.--,50.00,0,0.000,0.000,0.000,0.000,0.000,0.000,0.000,0.000,0.000,0.000,0.000,0.000,false,false,false,false,false,false,false,false,false,false,false,false,--.--,--.--,--.--,--.--,--.--,--.--,--.--,--.--,0.0000000,0.0000000,31NAA 66021 00000,--.--,--.--,0.0,0,0,--.--,--.--,,--.--,--.--,--.--,0,0,--.--,--.--,0,--.--,--.--,--.--,--.--,--.--,--.--,--.--,--.--,--.--,--.--,--.--,--.--,--.--,--.--,--.--,--.--,--.--,--.--,29.05,14.16,--.--,0,0,0.0,0.0,0.0,0,0,0,--.--,--.--,--.--
2023-05-21 07:45:25.598,-1.8,-0.3,274,0.0,0.0,0.0,0.0,0.0,0.000,-0.0,-0.1,-0.1,0.000,-0.113,0.000,0.0,00:00:00,0.0,0,--.--,0,0.0,0,0000:00:00,50,0,0,0,50,0,0,1.50,0,0,0,17.45,-11.21,-686,--.--,--.--,--.--,--:--:--,1,-195.57,07:45:25,5/21/23,--.--,--.--,--.--,--.--,--.--,--.--,--.--,--.--,--.--,2.48,--.--,50.00,0,0.000,0.000,0.000,0.000,0.000,0.000,0.000,0.000,0.000,0.000,0.000,0.000,false,false,false,false,false,false,false,false,false,false,false,false,--.--,--.--,--.--,--.--,--.--,--.--,--.--,--.--,0.0000000,0.0000000,31NAA 66021 00000,--.--,--.--,0.0,0,0,--.--,--.--,,--.--,--.--,--.--,0,0,--.--,--.--,0,--.--,--.--,--.--,--.--,--.--,--.--,--.--,--.--,--.--,--.--,--.--,--.--,--.--,--.--,--.--,--.--,--.--,--.--,29.07,14.16,--.--,0,0,0.0,0.0,0.0,0,0,0,--.--,--.--,--.--
2023-05-21 07:45:26.590,-1.8,-0.3,274,0.0,0.0,0.0,0.0,0.0,0.000,0.0,-0.1,-0.1,0.000,-0.112,0.000,0.0,00:00:00,0.0,0,--.--,0,0.0,0,0000:00:00,50,0,0,0,50,0,0,1.36,0,0,0,17.46,-11.26,-689,--.--,--.--,--.--,--:--:--,1,-196.58,07:45:26,5/21/23,--.--,--.--,--.--,--.--,--.--,--.--,--.--,--.--,--.--,2.02,--.--,50.00,0,0.000,0.000,0.000,0.000,0.000,0.000,0.000,0.000,0.000,0.000,0.000,0.000,false,false,false,false,false,false,false,false,false,false,false,false,--.--,--.--,--.--,--.--,--.--,--.--,--.--,--.--,0.0000000,0.0000000,31NAA 66021 00000,--.--,--.--,0.0,0,0,--.--,--.--,,--.--,--.--,--.--,0,0,--.--,--.--,0,--.--,--.--,--.--,--.--,--.--,--.--,--.--,--.--,--.--,--.--,--.--,--.--,--.--,--.--,--.--,--.--,--.--,--.--,29.08,14.16,--.--,0,0,0.0,0.0,0.0,0,0,0,--.--,--.--,--.--
2023-05-21 07:45:27.600,-1.8,-0.2,274,0.0,0.0,0.0,0.0,0.0,0.000,-0.0,-0.1,-0.1,0.000,-0.112,0.000,0.0,00:00:00,0.0,0,--.--,0,0.0,0,0000:00:00,50,0,0,0,50,0,0,1.82,0,0,0,17.45,-11.22,-692,--.--,--.--,--.--,--:--:--,1,-195.80,07:45:27,5/21/23,--.--,--.--,--.--,--.--,--.--,--.--,--.--,--.--,--.--,0.79,--.--,50.00,0,0.000,0.000,0.000,0.000,0.000,0.000,0.000,0.000,0.000,0.000,0.000,0.000,false,false,false,false,false,false,false,false,false,false,false,false,--.--,--.--,--.--,--.--,--.--,--.--,--.--,--.--,0.0000000,0.0000000,31NAA 66021 00000,--.--,--.--,0.0,0,0,--.--,--.--,,--.--,--.--,--.--,0,0,--.--,--.--,0,--.--,--.--,--.--,--.--,--.--,--.--,--.--,--.--,--.--,--.--,--.--,--.--,--.--,--.--,--.--,--.--,--.--,--.--,29.10,14.15,--.--,0,0,0.0,0.0,0.0,0,0,0,--.--,--.--,--.--
2023-05-21 07:45:28.600,-1.8,-0.2,274,0.0,0.0,0.0,0.0,0.0,0.000,-0.0,-0.1,-0.1,0.000,-0.113,0.000,0.0,00:00:00,0.0,0,--.--,0,0.0,0,0000:00:00,50,0,0,0,50,0,0,1.48,0,0,0,17.45,-11.23,-695,--.--,--.--,--.--,--:--:--,1,-195.93,07:45:28,5/21/23,--.--,--.--,--.--,--.--,--.--,--.--,--.--,--.--,--.--,1.48,--.--,50.00,0,0.000,0.000,0.000,0.000,0.000,0.000,0.000,0.000,0.000,0.000,0.000,0.000,false,false,false,false,false,false,false,false,false,false,false,false,--.--,--.--,--.--,--.--,--.--,--.--,--.--,--.--,0.0000000,0.0000000,31NAA 66021 00000,--.--,--.--,0.0,0,0,--.--,--.--,,--.--,--.--,--.--,0,0,--.--,--.--,0,--.--,--.--,--.--,--.--,--.--,--.--,--.--,--.--,--.--,--.--,--.--,--.--,--.--,--.--,--.--,--.--,--.--,--.--,29.12,14.15,--.--,0,0,0.0,0.0,0.0,0,0,0,--.--,--.--,--.--
2023-05-21 07:45:29.587,-1.8,-0.2,274,0.0,0.0,0.0,0.0,0.0,0.000,0.0,-0.1,-0.1,0.000,-0.111,0.000,0.0,00:00:00,0.0,0,--.--,0,0.0,0,0000:00:00,50,0,0,0,50,0,0,1.78,0,0,0,17.45,-11.27,-698,--.--,--.--,--.--,--:--:--,1,-196.71,07:45:29,5/21/23,--.--,--.--,--.--,--.--,--.--,--.--,--.--,--.--,--.--,0.76,--.--,50.00,0,0.000,0.000,0.000,0.000,0.000,0.000,0.000,0.000,0.000,0.000,0.000,0.000,false,false,false,false,false,false,false,false,false,false,false,false,--.--,--.--,--.--,--.--,--.--,--.--,--.--,--.--,0.0000000,0.0000000,31NAA 66021 00000,--.--,--.--,0.0,0,0,--.--,--.--,,--.--,--.--,--.--,0,0,--.--,--.--,0,--.--,--.--,--.--,--.--,--.--,--.--,--.--,--.--,--.--,--.--,--.--,--.--,--.--,--.--,--.--,--.--,--.--,--.--,29.13,14.16,--.--,0,0,0.0,0.0,0.0,0,0,0,--.--,--.--,--.--
